,nameFirst,nameLast,BAT_ID,RE24,PA,Runs.Start,RE24_risp,PA_risp,Runs_Start_risp,RE24_no_risp,PA_no_risp,Runs_Start_no_risp
1,Jose,Abreu,abrej003,20.93910346,693,370.1161416,19.68732718,190,182.2090579,1.251776281,503,187.9070837
2,Ronald,Acuna,acunr001,38.57064041,715,360.8832822,19.40962379,156,124.0817958,19.16101662,559,236.8014864
3,Cristhian,Adames,adamc001,-0.010752136,24,11.69190042,0.938120129,8,4.778317506,-0.948872266,16,6.913582911
4,Matt,Adams,adamm002,-0.317090948,333,175.7367996,6.366558005,97,79.86264376,-6.683648953,236,95.87415585
5,Willy,Adames,adamw002,-13.33164423,584,291.0573919,-16.43097576,134,115.4434549,3.099331536,450,175.613937
6,Jim,Adduci,adduj002,-1.123667252,5,1.652513524,-0.333237863,1,0.333237863,-0.790429388,4,1.319275661
7,Ehire,Adrianza,adrie001,1.029039388,236,121.0310834,-1.332024738,57,52.48949556,2.361064127,179,68.54158787
8,Dario,Agrazal,agrad001,-4.171910125,24,14.7877314,-2.538038888,12,10.22128955,-1.633871237,12,4.566441841
9,Jesus,Aguilar,aguij001,-2.254024061,369,193.7440305,4.549914367,88,76.06676448,-6.803938429,281,117.677266
10,Nick,Ahmed,ahmen001,-1.155312966,625,338.7802249,-8.512736993,175,165.0584706,7.357424027,450,173.7217542
11,Hanser,Alberto,albeh001,-0.684859125,550,264.5038971,-6.238419108,112,87.02665886,5.553559983,438,177.4772383
12,Ozzie,Albies,albio001,23.43684964,702,338.0283971,13.21348596,157,124.4060168,10.22336367,545,213.6223803
13,Sandy,Alcantara,alcas001,-7.62140031,63,27.00111479,-0.221323417,13,10.57431431,-7.400076893,50,16.42680048
14,Jorge,Alfaro,alfaj002,-9.948293511,465,247.7477659,-9.663980341,118,108.3539851,-0.284313169,347,139.3937807
15,Anthony,Alford,alfoa002,-3.298064727,30,15.66845922,-2.963259476,9,7.537778181,-0.334805251,21,8.130681043
16,Austin,Allen,allea001,-7.396095346,71,37.51678385,-3.602166099,23,17.53043548,-3.793929247,48,19.98634837
17,Greg,Allen,alleg002,-6.233922102,256,135.7612182,0.441350903,69,58.29460087,-6.675273005,187,77.46661728
18,Logan,Allen,allel002,-0.123861913,5,2.372590032,0.272932237,1,0.723347851,-0.39679415,4,1.649242181
19,Abraham,Almonte,almoa001,0.55475707,38,23.77679661,-0.589687042,13,12.49885923,1.144444113,25,11.27793738
20,Albert,Almora,almoa002,-25.35376496,363,195.2387875,-19.41396466,96,93.42628251,-5.939800303,267,101.812505
21,Pete,Alonso,alonp001,38.8943493,693,355.0897077,11.89728069,158,139.6401254,26.9970686,535,215.4495823
22,Yonder,Alonso,alony001,-11.84886581,335,169.6678794,-5.92690153,95,77.52411424,-5.921964281,240,92.14376513
23,Aaron,Altherr,altha001,-9.551719154,66,32.5213992,-4.270261297,16,13.00810614,-5.281457857,50,19.51329306
24,Jose,Altuve,altuj001,12.65953188,548,290.2968253,2.545660802,114,101.3238747,10.11387107,434,188.9729505
25,Yordan,Alvarez,alvay001,34.60141968,369,208.9000723,14.52230869,110,104.1346578,20.07911098,259,104.7654145
26,Adbert,Alzolay,alzoa001,-1.828662782,5,2.343651452,-1.228948134,2,1.228948134,-0.599714647,3,1.114703318
27,Brett,Anderson,andeb004,0.632916403,8,3.44408244,0.704568686,3,2.348929314,-0.071652283,5,1.095153126
28,Brian,Anderson,andeb006,11.12415272,520,256.479037,5.510048976,113,99.08742435,5.614103744,407,157.3916127
29,Chase,Anderson,andec001,-6.994238346,44,22.09230885,-4.059442775,10,8.081457512,-2.934795571,34,14.01085134
30,Shaun,Anderson,andes002,-4.839702138,28,12.80890629,-1.157780573,5,4.055642815,-3.681921564,23,8.75326347
31,Tim,Anderson,andet001,10.82827922,518,271.4897155,-3.718510038,112,99.71747814,14.54678926,406,171.7722374
32,Tyler,Anderson,andet002,-2.266996416,8,6.152039395,-1.15846823,2,3.040724532,-1.108528186,6,3.111314863
33,Elvis,Andrus,andre001,-9.526412082,648,336.2100347,-3.453523408,167,153.8353053,-6.072888674,481,182.3747293
34,Matt,Andriese,andrm001,-1.908806329,6,2.744607402,-1.50627088,3,2.229618731,-0.402535449,3,0.514988671
35,Miguel,Andujar,andum001,-11.77776379,49,29.71519249,-7.408421385,14,14.67845141,-4.369342405,35,15.03674108
36,Aristides,Aquino,aquia001,6.399483342,225,114.2405436,7.920104792,64,55.19400818,-1.52062145,161,59.04653538
37,Chris,Archer,archc001,-6.898593456,41,21.54324693,-3.78747609,14,10.43087819,-3.111117366,27,11.11236875
38,Orlando,Arcia,arcio002,-20.14867396,546,295.4208352,-7.287706539,146,136.3004144,-12.86096742,400,159.1204208
39,Nolan,Arenado,arenn001,50.21239964,662,328.1285889,18.84633524,177,153.5560818,31.3660644,485,174.5725072
40,Randy,Arozarena,arozr001,0.463515658,23,15.86589642,0.206282134,6,7.927244338,0.257233524,17,7.938652078
41,Luis,Arraez,arral001,11.57477993,366,166.8330246,1.551236132,63,52.81775981,10.0235438,303,114.0152648
42,Jake,Arrieta,arrij001,-6.866598326,50,28.01855262,-1.927465432,15,15.49331745,-4.939132894,35,12.52523518
43,Christian,Arroyo,arroc001,-0.999435749,57,27.97644981,-0.797921924,17,11.89992843,-0.201513825,40,16.07652138
44,Humberto,Arteaga,arteh001,-10.31939456,135,63.03791999,-3.914672165,29,22.55515891,-6.4047224,106,40.48276108
45,Willians,Astudillo,astuw001,-5.161737342,204,103.3971803,-4.348862128,50,42.76475732,-0.812875213,154,60.63242296
46,Tyler,Austin,austt001,1.177767559,179,87.423158,4.948574168,43,37.46922303,-3.770806609,136,49.95393497
47,Abiatal,Avelino,avela001,-0.280553385,8,3.300611734,0.377823881,2,1.182006474,-0.658377266,6,2.11860526
48,Alex,Avila,avila001,1.906618479,201,106.0308342,-0.249981636,50,48.87585322,2.156600115,151,57.15498096
49,Pedro,Avila,avilp001,-0.278758778,2,1.279376062,-0.166305557,1,1.16692284,-0.112453222,1,0.112453222
50,Harrison,Bader,badeh001,-3.532977014,406,213.1439325,2.931261784,106,93.30743999,-6.464238798,300,119.8364925
51,Javier,Baez,baezj001,9.757413313,561,292.9482974,14.75558809,125,111.6475761,-4.99817478,436,181.3007213
52,Homer,Bailey,bailh001,0.394057792,5,1.964366962,0.857775739,1,0.380988306,-0.463717947,4,1.583378656
53,Austin,Barnes,barna001,-11.16683006,242,126.1433831,-7.000764415,62,53.21975015,-4.166065641,180,72.92363294
54,Tucker,Barnhart,barnt001,-1.793591278,364,183.889115,0.757901343,90,75.85471435,-2.551492621,274,108.0344006
55,Steven,Baron,baros002,-0.989204312,10,4.343957234,0.34821229,2,0.985025573,-1.337416602,8,3.35893166
56,Franklin,Barreto,barrf001,-7.252439083,58,30.71997102,-2.604668606,17,14.40636145,-4.647770476,41,16.31360956
57,Jake,Bauers,bauej001,-6.496302175,423,208.7634405,-7.0556707,107,89.3366097,0.559368525,316,119.4268308
58,Trevor,Bauer,bauet001,-3.298250567,22,9.213498419,-0.921125871,3,2.151895101,-2.377124696,19,7.061603317
59,Matt,Beaty,beatm001,8.450874921,268,143.4996385,15.53844144,74,65.83626561,-7.087566522,194,77.66337288
60,Gordon,Beckham,beckg001,-20.11770611,240,116.7219803,-12.33138126,58,47.14130816,-7.786324842,182,69.58067216
61,Tim,Beckham,beckt001,6.543501695,328,164.0745807,4.668631164,70,64.51132252,1.874870532,258,99.56325816
62,Tyler,Beede,beedt001,-7.615859919,43,20.65217159,-3.230315026,10,6.275921562,-4.385544892,33,14.37625003
63,Cody,Bellinger,bellc002,59.32992273,661,338.3624904,18.43460502,160,136.992794,40.89531771,501,201.3696964
64,Josh,Bell,bellj005,37.60965682,613,339.827359,24.12230509,198,175.4285159,13.48735172,415,164.3988432
65,Brandon,Belt,beltb001,-0.564169772,616,314.7018101,-5.054417592,142,118.4693094,4.49024782,474,196.2325008
66,Anthony,Bemboom,bemba001,-8.607441932,56,28.71407831,-4.808944336,12,9.206236031,-3.798497597,44,19.50784228
67,Andrew,Benintendi,benia002,7.080789374,615,311.5246549,9.604791234,145,115.265208,-2.52400186,470,196.2594469
68,Jose,Berrios,berrj001,-0.564880964,5,2.342761198,-0.44357499,1,1.16692284,-0.121305974,4,1.175838357
69,Jon,Berti,bertj001,2.672086511,287,143.2557208,-2.783391075,61,52.27053022,5.455477586,226,90.98519063
70,Chad,Bettis,bettc001,-1.921878345,10,4.782627357,-1.314450095,2,1.314450095,-0.60742825,8,3.468177262
71,Mookie,Betts,bettm001,41.71540126,706,348.832922,13.01006846,139,105.2295599,28.70533279,567,243.6033621
72,Bo,Bichette,bichb001,3.017954823,212,101.2545175,-7.552801809,36,32.63305381,10.57075663,176,68.62146368
73,Shane,Bieber,biebs001,-2.047820002,5,2.918066684,-1.314450095,2,1.314450095,-0.733369906,3,1.603616589
74,Cavan,Biggio,biggc002,16.66201658,430,211.1757072,6.367493914,94,75.54293331,10.29452267,336,135.6327738
75,Greg,Bird,birdg001,-1.36268122,41,17.69657962,-1.963664715,6,4.91517755,0.600983495,35,12.78140207
76,Braden,Bishop,bishb001,-7.495032167,60,28.82585599,-0.84649406,17,14.53329283,-6.648538107,43,14.29256316
77,Charlie,Blackmon,blacc001,34.74920609,634,311.0420037,17.58524093,124,92.69064886,17.16396516,510,218.3513548
78,Alex,Blandino,blana002,0.066090143,51,25.77587787,-1.882856618,9,8.934447497,1.948946761,42,16.84143037
79,Xander,Bogaerts,bogax001,44.2083909,698,368.3674306,19.03083874,191,167.4016214,25.17755216,507,200.9658092
80,Ronald,Bolanos,bolar001,1.250203463,5,3.278215286,2.094374746,1,1.628973105,-0.844171283,4,1.649242181
81,Skye,Bolt,bolts001,-1.766020639,11,5.157825763,-0.952866841,3,1.79251377,-0.813153798,8,3.365311992
82,Jorge,Bonifacio,bonij002,2.1108963,21,9.629458889,1.581260176,3,2.431824059,0.529636125,18,7.19763483
83,David,Bote,boted002,9.970082543,356,177.9045995,8.690819596,88,72.13626432,1.279262946,268,105.7683352
84,Justin,Bour,bourj002,-3.852601917,170,94.33998777,1.389005793,42,43.28326272,-5.24160771,128,51.05672506
85,Peter,Bourjos,bourp001,-10.22507368,46,26.78362956,-6.505165014,13,13.0162233,-3.719908664,33,13.76740627
86,Matt,Boyd,boydm001,-0.036034691,2,1.701461704,-0.44357499,1,1.16692284,0.407540299,1,0.534538863
87,Brad,Brach,bracb001,1.106529213,5,3.076469371,1.767378899,2,2.013084235,-0.660849686,3,1.063385136
88,Bobby,Bradley,bradb002,-3.252374697,49,26.93871873,-2.085401384,11,10.86833613,-1.166973313,38,16.0703826
89,Jackie,Bradley,bradj001,-8.92169415,567,299.2076059,-4.428890871,140,132.2111957,-4.492803279,427,166.9964102
90,Michael,Brantley,branm003,26.09358349,637,331.4033961,19.56524532,158,139.1260824,6.528338175,479,192.2773137
91,Ryan,Braun,braur002,12.66636735,508,256.5424049,8.270566249,127,110.5619868,4.395801099,381,145.9804181
92,Steven,Brault,braus002,-3.297336521,50,26.68408436,-1.562696968,10,8.096877647,-1.734639553,40,18.58720671
93,Alex,Bregman,brega001,52.57710086,690,356.0779745,7.213063344,166,155.6789846,45.36403751,524,200.3989899
94,Lewis,Brinson,brinl001,-23.56123271,248,125.0357226,-7.82855307,52,47.85248277,-15.73267964,196,77.18323986
95,Socrates,Brito,brits001,-6.276623041,43,22.24725706,-0.365711466,10,9.996629471,-5.910911575,33,12.25062758
96,Aaron,Brooks,brooa001,-0.938215573,4,1.781016885,-0.39224282,1,0.996280088,-0.545972753,3,0.784736798
97,Mike,Brosseau,brosm001,2.148891774,142,71.78124438,0.921715098,32,27.88941494,1.227176676,110,43.89182944
98,Seth,Brown,brows003,1.624207848,83,53.05786386,0.227867978,33,31.4031237,1.396339869,50,21.65474016
99,Keon,Broxton,broxk001,-23.36037787,228,123.3240414,-16.35564654,59,52.35945416,-7.004731336,169,70.96458726
100,Jay,Bruce,brucj001,-0.911729776,332,161.7214001,-3.165599488,87,74.0306069,2.253869711,245,87.69079317
101,Kris,Bryant,bryak001,27.13358536,634,300.6449367,1.406545263,125,104.8246186,25.72704009,509,195.8203182
102,Walker,Buehler,buehw001,-11.73715959,66,34.58832643,-7.901132629,25,17.38974465,-3.836026959,41,17.19858178
103,Madison,Bumgarner,bumgm001,-9.593313379,76,38.45335996,-5.458740507,22,15.91280232,-4.134572872,54,22.54055765
104,Corbin,Burnes,burnc002,-0.804065472,8,3.79082856,-0.218208426,3,2.451218798,-0.585857046,5,1.339609762
105,Drew,Butera,buted001,-5.776425676,49,26.56575112,-2.995996961,17,12.39585812,-2.780428715,32,14.16989301
106,Byron,Buxton,buxtb001,4.284788136,295,158.0630224,5.010037782,76,68.64581039,-0.725249646,219,89.41721202
107,Asdrubal,Cabrera,cabra002,20.33985731,514,280.8553412,21.24113869,161,133.9245349,-0.901281379,353,146.9308063
108,Genesis,Cabrera,cabrg001,-1.575178263,4,2.272600931,-1.141658731,2,1.600317355,-0.433519531,2,0.672283576
109,Miguel,Cabrera,cabrm001,5.392069748,549,286.9695795,8.283275433,131,125.4570169,-2.891205686,418,161.5125626
110,Melky,Cabrera,cabrm002,-4.027637709,397,215.6159198,0.411073374,124,109.780046,-4.438711083,273,105.8358738
111,Lorenzo,Cain,cainl001,-20.68212611,623,311.2946016,-18.35321272,140,116.5078384,-2.328913391,483,194.7867632
112,Kole,Calhoun,calhk001,1.061804305,632,320.2657331,-10.00413916,153,133.2227563,11.06594347,479,187.0429767
113,Willie,Calhoun,calhw001,4.166911059,337,174.7349208,1.682587407,80,73.36336309,2.484323652,257,101.3715577
114,Johan,Camargo,camaj001,-3.646590282,248,131.0902729,6.642391211,65,59.62097033,-10.28898149,183,71.46930259
115,Jeimer,Candelario,candj002,-13.08619461,386,201.1694784,-9.118856207,94,78.51163389,-3.967338403,292,122.6578445
116,Mark,Canha,canhm001,25.64635376,497,260.9450186,-2.503116389,119,107.0412949,28.14947015,378,153.9037237
117,Robinson,Cano,canor001,-12.36342424,422,208.660516,-12.7614782,93,82.30573239,0.398053956,329,126.3547836
118,Victor,Caratini,carav001,0.834089165,279,147.179824,-1.377868899,81,75.54306252,2.211958064,198,71.63676143
119,Matt,Carpenter,carpm002,-5.4485824,491,251.6615301,-8.031914831,109,92.5312824,2.58333243,382,159.1302477
120,Curt,Casali,casac001,3.186101394,236,115.5209184,-4.619136046,57,47.09730624,7.80523744,179,68.42361213
121,Andrew,Cashner,casha001,-0.959707106,3,1.820901178,-0.537621464,1,0.996280088,-0.422085641,2,0.824621091
122,Harold,Castro,casth001,-4.688906158,369,178.7666689,4.356485575,84,69.05755174,-9.045391734,285,109.7091172
123,Jason,Castro,castj006,-1.625760072,275,151.776755,-2.785734258,72,69.69274069,1.159974186,203,82.0840143
124,Luis,Castillo,castl003,-18.46624614,66,39.27100884,-11.66123701,20,19.52465637,-6.805009133,46,19.74635247
125,Nick,Castellanos,castn001,17.85883632,664,313.2652131,-1.602479464,118,97.39015565,19.46131578,546,215.8750575
126,Starlin,Castro,casts001,-12.16438758,676,348.0455637,-4.057474189,166,144.3181848,-8.106913395,510,203.7273789
127,Wilkin,Castillo,castw001,0.671846255,7,2.821720519,1.87457924,1,0.458658623,-1.202732985,6,2.363061896
128,Welington,Castillo,castw002,-2.829577529,251,130.8319033,7.906834528,67,57.85831561,-10.73641206,184,72.97358768
129,Willi,Castro,castw003,-8.067825405,110,57.21350892,-4.825308697,28,25.45938412,-3.242516708,82,31.7541248
130,Jake,Cave,cavej001,0.706903505,228,121.1777921,-2.009953343,53,49.13627207,2.716856848,175,72.04152008
131,Juan,Centeno,centj001,-0.583627434,18,7.215918034,1.199270007,7,3.809021195,-1.78289744,11,3.406896839
132,Francisco,Cervelli,cervf001,-7.388432938,160,78.26559782,-6.760596704,41,30.49880843,-0.627836234,119,47.76678939
133,Jhoulys,Chacin,chacj001,-3.86138659,25,9.939060086,-1.581537024,3,2.185574292,-2.279849566,22,7.753485794
134,Yu,Chang,chany001,-7.630582742,84,42.8107446,-2.919177433,20,16.04222516,-4.711405309,64,26.76851944
135,Matt,Chapman,chapm001,28.38386405,670,330.2820034,21.69507408,134,114.7470498,6.688789968,536,215.5349537
136,Tyler,Chatwood,chatt001,-3.094135697,21,13.31764964,-1.469148171,7,6.178279698,-1.624987526,14,7.139369938
137,Michael,Chavis,chavm001,1.01098108,382,218.1530288,-0.596316291,111,99.91268516,1.607297371,271,118.2403436
138,Robinson,Chirinos,chirr001,6.289270024,437,236.3013684,-2.516267695,122,108.7823606,8.805537719,315,127.5190079
139,Yonny,Chirinos,chiry001,-0.796909569,2,1.793189657,-0.558145525,1,1.554425612,-0.238764045,1,0.238764045
140,Ji-Man,Choi,choij001,10.62191653,487,260.5251494,-0.229098548,121,110.4314062,10.85101508,366,150.0937432
141,Shin-Soo,Choo,choos001,23.95109302,659,333.5639142,7.590138616,132,104.8757951,16.36095441,527,228.6881191
142,Nick,Ciuffo,ciufn001,-1.017811795,6,4.817781416,-0.44357499,1,1.16692284,-0.574236805,5,3.650858575
143,Taylor,Clarke,clart003,-3.747356393,25,14.46365642,-2.940438133,7,6.682299249,-0.806918259,18,7.781357173
144,Mike,Clevinger,clevm001,-0.703115259,2,0.993197486,-0.458658623,1,0.458658623,-0.244456635,1,0.534538863
145,Gerrit,Cole,coleg001,-1.85548148,7,2.640218278,-0.333237863,1,0.333237863,-1.522243617,6,2.306980415
146,Zack,Collins,collz001,0.585934903,102,50.74537333,3.459346895,27,21.222727,-2.873411992,75,29.52264633
147,Christian,Colon,coloc002,0.558603055,8,4.727289831,0.407000741,5,3.138218585,0.151602315,3,1.589071246
148,Michael,Conforto,confm001,25.46174596,648,336.2090869,18.26637055,168,146.6616215,7.195375406,480,189.5474654
149,Willson,Contreras,contw001,11.35979447,409,214.5043579,4.212613069,114,96.78389249,7.147181401,295,117.7204654
150,Garrett,Cooper,coopg002,6.865120713,421,206.583085,8.892511798,99,85.33085392,-2.027391084,322,121.2522311
151,Patrick,Corbin,corbp001,-10.55034657,72,39.66871475,-4.499289067,24,20.83782503,-6.051057504,48,18.83088972
152,Franchy,Cordero,cordf003,-0.112497666,20,10.26945524,-0.728617334,4,4.734858833,0.616119668,16,5.534596402
153,Ryan,Cordell,cordr001,-11.85428652,247,123.6713429,-5.116233773,52,45.87866767,-6.738052743,195,77.79267519
154,Carlos,Correa,corrc001,11.93681669,321,184.5976335,1.175167822,103,94.83971043,10.76164886,218,89.7579231
155,Ryan,Court,courr001,-0.740649028,25,12.41024083,0.216571873,8,7.077877181,-0.957220901,17,5.332363646
156,Kaleb,Cowart,cowak001,-3.777790148,26,15.26918079,-1.774813455,6,6.218406528,-2.002976693,20,9.050774259
157,Zack,Cozart,cozaz001,-13.96050354,107,58.82986615,-3.629974197,25,26.64320946,-10.33052934,82,32.18665669
158,Brandon,Crawford,crawb001,-11.04266405,560,290.2154019,6.158057879,143,123.2497275,-17.20072193,417,166.9656744
159,J.P.,Crawford,crawj002,1.037019582,396,204.4688281,4.3580207,103,89.91568061,-3.321001118,293,114.5531475
160,C.J.,Cron,cronc002,0.53311269,500,251.5103768,6.050282253,121,103.9479665,-5.517169563,379,147.5624103
161,Kevin,Cron,cronk001,-1.747142722,78,44.11980391,-0.07458471,27,24.73675209,-1.672558012,51,19.38305182
162,Nelson,Cruz,cruzn002,49.13804248,520,276.3703103,19.15582418,135,134.4954546,29.9822183,385,141.8748557
163,Noel,Cuevas,cuevn001,0.3056218,2,2.114255966,-0.130827933,1,1.554425612,0.436449733,1,0.559830354
164,Charlie,Culberson,culbc001,-6.170007404,144,79.80101982,-10.7390415,44,38.66266424,4.5690341,100,41.13835558
165,Cheslor,Cuthbert,cuthc001,-14.98018523,330,168.5140381,-2.195538775,92,76.96157958,-12.78464646,238,91.55245854
166,David,Dahl,dahld001,14.38993155,413,215.8102042,13.48377778,113,100.3316695,0.906153761,300,115.4785347
167,Travis,d'Arnaud,darnt001,6.72824064,391,204.5470287,11.12863931,117,92.80500922,-4.400398669,274,111.7420195
168,Yu,Darvish,darvy001,-11.22215104,62,29.75600992,-2.959054307,12,10.39077232,-8.26309673,50,19.3652376
169,Chris,Davis,davic003,-11.72013098,352,172.0869679,-1.140644499,86,71.67242041,-10.57948649,266,100.4145475
170,J.D.,Davis,davij006,5.532459289,453,238.1198179,-10.40263804,123,105.3647945,15.93509733,330,132.7550234
171,Jonathan,Davis,davij007,-6.883360001,95,46.33197503,-5.821350045,22,19.55069543,-1.062009956,73,26.7812796
172,Jaylin,Davis,davij008,-4.026833573,47,22.9369217,-2.546034105,10,9.860612754,-1.480799469,37,13.07630895
173,Johnny,Davis,davij009,0.137078271,4,1.692397817,-0.333237863,1,0.333237863,0.470316135,3,1.359159954
174,Khris,Davis,davik003,-10.8944489,533,286.3956144,-5.992636454,154,137.3098708,-4.901812447,379,149.0857437
175,Rajai,Davis,davir003,2.05507733,26,16.00775609,2.078365725,9,9.145767722,-0.023288395,17,6.861988365
176,Taylor,Davis,davit004,-0.155273675,20,9.542720061,0.900634191,6,5.620834551,-1.055907866,14,3.92188551
177,Zach,Davies,daviz001,-10.03582826,55,31.15653496,-4.804426876,16,14.89255507,-5.231401387,39,16.26397989
178,Yonathan,Daza,dazay001,-8.740347615,105,52.6535552,-4.935971671,19,17.21989812,-3.804375945,86,35.43365708
179,Austin,Dean,deana001,-5.660239365,189,89.7255066,1.344104331,36,31.16291579,-7.004343696,153,58.5625908
180,Jacob,deGrom,degrj001,-4.785065478,70,32.96420017,-1.675383635,16,11.80118207,-3.109681843,54,21.1630181
181,Paul,DeJong,dejop001,-11.27397049,664,344.3654611,-15.61858032,145,129.1549856,4.344609831,519,215.2104755
182,Nick,Delmonico,delmn001,-1.622499243,68,34.3556599,4.435569754,15,12.29792546,-6.058068997,53,22.05773445
183,Travis,Demeritte,demet001,-8.910412723,186,87.79910735,-6.452452533,38,29.22209357,-2.457960191,148,58.57701378
184,Anthony,DeSclafani,desca001,-11.40706085,57,23.52825039,-5.067154787,14,8.859022295,-6.339906062,43,14.6692281
185,Daniel,Descalso,descd001,-13.61270064,194,95.48410179,-1.540433614,45,35.25411946,-12.07226703,149,60.22998233
186,Delino,DeShields,deshd002,-7.955294863,408,206.3302428,2.79519653,94,81.05136914,-10.75049139,314,125.2788737
187,Ian,Desmond,desmi001,-3.768133228,482,259.0245258,0.948151919,129,116.968285,-4.716285147,353,142.0562408
188,Rafael,Devers,dever001,48.40119823,702,364.5070518,23.53525329,169,148.8507883,24.86594494,533,215.6562634
189,Aledmys,Diaz,diaza003,8.898997155,247,137.7389674,7.735798125,76,70.23823547,1.16319903,171,67.50073189
190,Elias,Diaz,diaze005,-15.60744997,332,175.301397,0.954132569,86,75.95666147,-16.56158254,246,99.34473556
191,Isan,Diaz,diazi001,-5.294468936,201,105.3585671,4.199433179,50,42.03329511,-9.493902115,151,63.32527202
192,Yandy,Diaz,diazy001,-1.92098653,346,178.2682113,-7.495221342,86,70.83121347,5.574234812,260,107.4369978
193,Alex,Dickerson,dicka001,4.832232208,190,101.8887239,2.481510909,53,43.60300023,2.350721299,137,58.28572364
194,Corey,Dickerson,dickc002,21.52618289,278,140.4663328,15.87850667,85,62.99785756,5.647676219,193,77.46847526
195,Derek,Dietrich,dietd001,11.93497638,306,142.9645751,13.70295623,72,56.26928845,-1.767979847,234,86.69528668
196,Wilmer,Difo,difow001,-8.316755366,145,70.6968844,-0.63399432,30,24.47004714,-7.682761045,115,46.22683726
197,Nick,Dini,dinin001,1.824965707,64,31.07611598,2.486924687,12,10.52365485,-0.66195898,52,20.55246114
198,Brandon,Dixon,dixob001,-12.51758263,420,215.203034,-3.673774744,104,90.67654038,-8.843807884,316,124.5264936
199,Josh,Donaldson,donaj001,27.55844312,659,343.0261143,5.485191017,148,131.806251,22.0732521,511,211.2198633
200,Brian,Dozier,dozib001,-3.780558645,482,240.3063789,-3.332170566,122,99.55270101,-0.44838808,360,140.7536779
201,Hunter,Dozier,dozih001,10.28991979,586,315.8394361,-3.447832852,168,148.9840726,13.73775264,418,166.8553635
202,Brandon,Drury,drurb001,-22.04897827,447,224.0077632,-11.65217135,89,83.51582896,-10.39680692,358,140.4919343
203,Mauricio,Dubon,dubom001,-1.1884098,111,54.16190685,-1.510625541,15,13.28983917,0.322215741,96,40.87206768
204,Lucas,Duda,dudal001,-4.631577007,119,59.73698576,-1.536499102,25,22.50124548,-3.095077905,94,37.23574029
205,Matt,Duffy,duffm002,-0.198673321,169,83.28729141,4.378212252,33,28.51981621,-4.576885573,136,54.7674752
206,Robert,Dugger,duggr001,-2.502248506,11,4.463545546,-1.275091966,3,2.608947113,-1.22715654,8,1.854598432
207,Steven,Duggar,duggs001,-1.723788266,281,134.9413471,4.194235584,57,42.87163176,-5.918023849,224,92.0697153
208,Jon,Duplantier,duplj001,-1.522834819,8,3.018851887,-0.380988306,1,0.380988306,-1.141846513,7,2.63786358
209,Montana,DuRapau,duram002,-0.623320091,4,0.974537358,-0.333237863,1,0.333237863,-0.290082228,3,0.641299494
210,Adam,Duvall,duvaa001,1.296798664,130,71.18247753,-3.219399648,33,27.68960413,4.516198312,97,43.4928734
211,Jarrod,Dyson,dysoj001,-11.62670924,451,226.266137,2.435611508,82,71.07256492,-14.06232075,369,155.1935721
212,Adam,Eaton,eatoa002,3.386306136,656,335.2446653,-2.395752562,155,130.8081956,5.782058698,501,204.4364696
213,Tommy,Edman,edmat001,14.75310135,350,174.9872022,-2.148622343,80,62.64419005,16.90172369,270,112.3430122
214,Zach,Eflin,efliz001,-9.021528632,52,23.82541147,-5.343397256,15,11.36126262,-3.678131375,37,12.46414885
215,Jerad,Eickhoff,eickj001,-4.178198794,19,11.17288024,-2.007798646,5,5.664406697,-2.170400148,14,5.508473544
216,Jake,Elmore,elmoj001,-3.648930267,49,21.83273732,-1.282296831,15,9.934895323,-2.366633436,34,11.89784199
217,Edwin,Encarnacion,encae001,33.48446516,486,241.0498566,13.83912111,117,99.4910815,19.64534405,369,141.5587751
218,Adam,Engel,engea001,-4.811240664,248,133.0735805,-0.395165416,65,58.7390729,-4.416075248,183,74.33450763
219,Nathan,Eovaldi,eovan001,-0.879211834,2,2.114255966,-0.558145525,1,1.554425612,-0.321066309,1,0.559830354
220,Phil,Ervin,ervip001,-3.755694371,260,121.075316,-4.470291435,56,45.09174775,0.714597064,204,75.98356828
221,Eduardo,Escobar,escoe001,20.61094161,699,367.551144,9.563613573,189,160.6059698,11.04732804,510,206.9451742
222,Luis,Escobar,escol001,-0.510866869,2,0.623320091,-0.333237863,1,0.333237863,-0.177629006,1,0.290082228
223,Tom,Eshelman,eshet001,-0.636287629,2,0.748740851,-0.458658623,1,0.458658623,-0.177629006,1,0.290082228
224,Thairo,Estrada,estrt001,2.590388912,69,35.1250509,4.375030431,17,13.17954077,-1.784641519,52,21.94551013
225,Kyle,Farmer,farmk001,-4.329582773,198,110.0836093,-1.463036472,54,47.96078392,-2.866546301,144,62.12282543
226,Erick,Fedde,fedde001,-3.364035389,20,9.27165842,-0.71046614,2,1.711083424,-2.653569249,18,7.560574996
227,Tim,Federowicz,fedet001,-8.109459745,83,43.51506874,-4.748861977,19,17.96639797,-3.360597768,64,25.54867077
228,Derek,Fisher,fishd001,-7.592872686,168,87.37727188,-5.580680646,43,37.47080803,-2.012192039,125,49.90646385
229,Jack,Flaherty,flahj002,-9.217656125,66,36.65202926,-2.013049096,16,15.44338381,-7.204607029,50,21.20864545
230,Ryan,Flaherty,flahr001,-2.543826855,22,10.50848959,-2.121692818,3,3.832199075,-0.422134037,19,6.676290516
231,David,Fletcher,fletd002,6.250077841,653,335.9351716,9.044431283,135,115.6724849,-2.794353442,518,220.2626867
232,Wilmer,Flores,florw001,0.97152122,285,148.5983594,-2.841800297,69,60.45108361,3.813321516,216,88.14727577
233,Tyler,Flowers,flowt001,-14.73222016,310,163.7384418,-13.4444148,85,75.82265703,-1.287805362,225,87.91578476
234,Mike,Foltynewicz,foltm001,-8.522584536,38,18.88761922,-3.525122738,10,8.561770702,-4.997461798,28,10.32584852
235,Wilmer,Font,fontw001,-0.889440646,4,1.681337132,-0.770289511,1,0.770289511,-0.119151135,3,0.911047621
236,Mike,Ford,fordm002,10.1553218,163,68.95425221,-0.126339173,35,23.28236175,10.28166097,128,45.67189045
237,Logan,Forsythe,forsl001,-3.007400523,367,202.6222643,-1.5520503,95,89.52904172,-1.455350223,272,113.0932226
238,Dexter,Fowler,fowld001,7.023518422,574,283.7172498,9.68718261,127,106.211343,-2.663664187,447,177.5059068
239,Jake,Fraley,fralj001,-7.253800668,41,23.63754825,-2.661716497,12,11.15692525,-4.592084171,29,12.480623
240,Maikel,Franco,franm004,-6.228305702,428,218.7438418,1.660290159,102,87.64658987,-7.888595861,326,131.0972519
241,Ty,France,frant002,-3.096083361,201,100.1725795,6.092124632,31,27.98386304,-9.188207993,170,72.18871648
242,Adam,Frazier,fraza001,2.696984861,608,309.7915563,-0.55382287,131,110.1377678,3.250807731,477,199.6537885
243,Clint,Frazier,frazc001,10.03211401,246,126.990849,11.00996012,56,50.29959844,-0.977846107,190,76.69125055
244,Todd,Frazier,frazt001,-0.690270685,499,267.9812454,0.203863756,131,117.9711053,-0.894134441,368,150.0101402
245,David,Freese,freed001,12.42040791,186,94.04363583,4.182891768,38,31.83888896,8.237516142,148,62.20474687
246,Freddie,Freeman,freef001,51.39269036,692,335.8063372,23.1983025,163,143.9644728,28.19438787,529,191.8418644
247,Kyle,Freeland,freek001,-5.926546,31,14.91715601,-3.122610467,4,3.45584833,-2.803935532,27,11.46130768
248,Mike,Freeman,freem002,1.000927486,213,111.5607895,-0.328515685,52,39.82339551,1.32944317,161,71.73739402
249,David,Freitas,freid001,-2.55731525,20,7.759349965,-0.448339635,4,2.438191304,-2.108975615,16,5.321158661
250,Max,Fried,friem001,-9.401935497,65,37.86043626,-7.452056728,22,21.41244578,-1.949878769,43,16.44799048
251,Josh,Fuentes,fuenj001,-3.600488022,56,29.01573645,-3.443526077,16,12.41545717,-0.156961945,40,16.60027928
252,Drew,Gagnon,gagnd001,-1.817767537,4,2.899332894,-1.623012051,2,2.227049318,-0.194755486,2,0.672283576
253,Cam,Gallagher,gallc001,-6.327330107,142,70.63156156,-3.02494341,32,30.42240688,-3.302386697,110,40.20915468
254,Giovanny,Gallegos,gallg001,-0.696350878,3,2.64879483,-0.130827933,1,1.554425612,-0.565522945,2,1.094369217
255,Isaac,Galloway,galli001,-6.860627352,54,28.26300633,-1.416297919,15,12.2003299,-5.444329433,39,16.06267643
256,Joey,Gallo,gallj002,13.54925863,297,159.7528,-4.705436078,89,77.77381144,18.25469471,208,81.97898855
257,Zac,Gallen,gallz001,-5.098672607,24,12.46659574,-1.985212589,5,3.92248772,-3.113460018,19,8.544108025
258,Freddy,Galvis,galvf001,-7.752776963,588,293.5399788,-2.133885823,123,104.4278661,-5.61889114,465,189.1121127
259,Ben,Gamel,gameb001,5.530599088,356,174.1445456,4.484008173,80,63.90021521,1.046590915,276,110.2443304
260,Avisail,Garcia,garca003,-4.202892078,530,285.7586508,-14.11203345,154,130.6152938,9.909141376,376,155.143357
261,Aramis,Garcia,garca006,-3.732058896,46,27.51013111,-1.624394577,9,10.16320334,-2.107664319,37,17.34692777
262,Greg,Garcia,garcg002,3.297279411,372,195.2707519,2.233941727,76,67.65227758,1.063337684,296,127.6184744
263,Leury,Garcia,garcl004,-17.80091849,618,321.0314409,-16.27871636,118,98.61467762,-1.522202131,500,222.4167633
264,Robel,Garcia,garcr005,-4.000595463,80,39.99357887,-3.865861722,20,16.51390713,-0.134733741,60,23.47967174
265,Brett,Gardner,gardb001,5.273231347,550,290.1965775,-2.931743195,122,113.3082567,8.204974542,428,176.8883208
266,Kyle,Garlick,garlk001,-1.965796984,53,23.93053429,-2.191695238,15,10.69717198,0.225898253,38,13.2333623
267,Dustin,Garneau,garnd001,4.624360044,101,54.72232544,4.399792754,29,27.80748665,0.22456729,72,26.91483879
268,Mitch,Garver,garvm001,24.94597883,359,184.2594059,4.758464755,71,59.84089084,20.18751407,288,124.4185151
269,Kevin,Gausman,gausk001,-5.904123491,27,11.93351443,-1.819029071,4,4.678771407,-4.085094419,23,7.25474302
270,Scooter,Gennett,genns001,-9.589786749,139,71.38379801,-4.957944082,30,25.95807318,-4.631842667,109,45.42572484
271,Mike,Gerber,gerbm001,-7.210318281,26,13.82871112,-4.408335722,8,5.706641274,-2.80198256,18,8.122069842
272,Domingo,German,germd001,-2.82238309,8,4.34750945,-1.554425612,2,2.5507057,-1.267957478,6,1.796803751
273,Kyle,Gibson,gibsk002,-0.520760485,4,3.483588737,-0.294167994,3,2.923758383,-0.226592491,1,0.559830354
274,Lucas,Giolito,gioll001,0.340792659,4,2.502008653,0.579556704,3,2.263244608,-0.238764045,1,0.238764045
275,Zack,Godley,godlz001,-1.83167335,23,12.56350987,-0.128691738,6,6.443056425,-1.702981611,17,6.120453448
276,Ryan,Goins,goinr001,-7.958588137,163,80.49497121,-5.363791248,36,25.75494815,-2.594796889,127,54.74002306
277,Paul,Goldschmidt,goldp001,23.00453584,682,353.5187572,3.773252687,147,137.4175439,19.23128315,535,216.1012133
278,Carlos,Gomez,gomec002,-5.258144382,99,52.66935953,0.94254766,23,18.65416665,-6.200692043,76,34.01519288
279,Yan,Gomes,gomey001,-3.0416606,358,183.1908633,1.702273374,87,71.75079773,-4.743933974,271,111.4400655
280,Tony,Gonsolin,gonst001,-1.900935537,14,6.499319459,-1.808087457,5,3.26674608,-0.09284808,9,3.232573378
281,Carlos,Gonzalez,gonzc001,-11.42033662,166,86.53477377,-7.937974524,38,33.42164302,-3.482362091,128,53.11313075
282,Chi Chi,Gonzalez,gonzc002,-5.152734848,24,11.95121038,-1.660196637,7,5.418453337,-3.492538211,17,6.532757045
283,Erik,Gonzalez,gonze004,-10.63717007,156,80.1351368,-11.54375099,36,30.40050273,0.906580915,120,49.73463407
284,Gio,Gonzalez,gonzg003,-6.653461823,28,13.77287457,-2.94343868,6,3.943152271,-3.710023142,22,9.829722299
285,Marwin,Gonzalez,gonzm002,-4.132114601,463,212.4587285,5.767614003,109,79.78304032,-9.899728605,354,132.6756882
286,Marco,Gonzales,gonzm005,0.672789623,6,3.87453269,0.641772138,2,2.158462879,0.031017485,4,1.716069811
287,Brian,Goodwin,goodb001,-2.180197872,458,232.1787367,-9.225569031,105,92.64699134,7.045371159,353,139.5317454
288,Niko,Goodrum,goodn002,-14.48811675,472,254.5647504,-14.09126711,117,103.1038699,-0.396849642,355,151.4608805
289,Alex,Gordon,gorda001,6.355968707,633,322.812186,8.488226274,174,151.5242735,-2.132257567,459,171.2879125
290,Dee,Gordon,gordd002,-9.898037765,421,219.5965207,2.425030953,96,85.51269718,-12.32306872,325,134.0838236
291,Terrance,Gore,goret001,-0.293576613,58,26.6803964,0.15602316,8,5.805663298,-0.449599773,50,20.8747331
292,Philip,Gosselin,gossp001,-3.037480144,68,33.05832865,1.003077128,17,13.01987819,-4.040557272,51,20.03845047
293,Matt,Grace,gracm003,-0.909362791,3,1.905642879,-0.558145525,1,1.554425612,-0.351217267,2,0.351217267
294,Curtis,Granderson,granc001,-5.563507514,363,178.8824202,1.019199021,79,62.46638663,-6.582706535,284,116.4160336
295,Yasmani,Grandal,grany001,19.16576952,632,330.9640657,-0.246718846,137,120.5257469,19.41248837,495,210.4383188
296,Juan,Graterol,gratj001,-2.226301177,18,7.780346749,-0.424486812,4,2.776213652,-1.801814366,14,5.004133096
297,Jon,Gray,grayj003,-14.59416031,59,31.8513211,-7.653474511,16,11.67229436,-6.940685797,43,20.17902674
298,Sonny,Gray,grays001,-7.640108483,61,31.38638076,-1.521442876,15,12.2938099,-6.118665607,46,19.09257086
299,Zach,Green,greez001,-1.543643329,16,9.352595057,-0.214322103,4,3.777934167,-1.329321227,12,5.574660891
300,Didi,Gregorius,gregd001,5.149444065,344,178.71341,12.03937174,86,78.93732513,-6.889927677,258,99.77608483
301,Grayson,Greiner,greig001,-19.83520603,224,109.202874,-9.878399664,59,45.11200717,-9.956806362,165,64.09086688
302,Zack,Greinke,greiz001,-0.184403965,56,27.95366895,1.770512058,13,10.74435366,-1.954916023,43,17.20931528
303,Randal,Grichuk,gricr001,-17.92356882,627,313.1228551,-14.84163272,159,134.7779967,-3.0819361,468,178.3448584
304,Trent,Grisham,grist001,1.13459941,184,99.61846154,-1.579239039,39,35.94561752,2.713838449,145,63.67284401
305,Robbie,Grossman,grosr001,-5.832485853,482,236.2694876,0.928894563,98,77.40228359,-6.761380416,384,158.8672041
306,Deivy,Grullon,gruld001,-1.415124477,9,4.446501456,0.609890013,2,1.056585714,-2.025014489,7,3.389915742
307,Javy,Guerra,guerj002,-1.310781076,5,3.627446973,-0.589486556,2,2.013084235,-0.72129452,3,1.614362738
308,Vladimir,Guerrero,guerv002,4.657000867,514,268.081186,-1.352473283,125,106.4575869,6.00947415,389,161.6235991
309,Luis,Guillorme,guill001,-4.788532319,70,34.57125698,-4.338137515,17,15.77061489,-0.450394803,53,18.80064209
310,Lourdes,Gurriel,gurrl001,7.97604516,343,177.7990289,-4.598247857,86,77.53184723,12.57429302,257,100.2671817
311,Yuli,Gurriel,gurry001,21.83649749,612,330.4590038,5.885211532,179,152.6717356,15.95128596,433,177.7872682
312,Kelvin,Gutierrez,gutik001,-3.980007028,79,44.14825421,-1.387260178,21,20.7172246,-2.592746851,58,23.43102962
313,Ronald,Guzman,guzmr001,0.182605895,295,143.0735823,7.26999599,70,50.99046561,-7.087390095,225,92.08311671
314,Jedd,Gyorko,gyorj001,-7.601336676,101,51.43677151,0.49303662,28,22.53253287,-8.094373297,73,28.90423864
315,Eric,Haase,haase001,-1.710264998,17,8.482350874,0.640627808,6,4.797540897,-2.350892806,11,3.684809977
316,Josh,Hader,hadej001,-0.697422668,2,0.697422668,-0.458658623,1,0.458658623,-0.238764045,1,0.238764045
317,Cole,Hamels,hamec001,-6.163372252,46,22.21380575,-1.227752267,13,10.52691643,-4.935619985,33,11.68688932
318,Billy,Hamilton,hamib001,-18.8485685,353,184.0984935,-7.351954935,84,83.74022876,-11.49661357,269,100.3582648
319,Garrett,Hampson,hampg001,-12.07362775,327,152.6518696,-12.85283274,77,59.50103546,0.779204984,250,93.15083411
320,Mitch,Haniger,hanim001,-2.775511939,283,145.9194936,-3.986525006,65,61.08743067,1.211013067,218,84.83206293
321,Alen,Hanson,hansa001,-4.81968791,48,27.34329423,-1.026487531,17,14.14885152,-3.79320038,31,13.19444272
322,Ian,Happ,happi001,7.523081257,156,81.32066291,1.510689825,39,35.9000397,6.012391432,117,45.42062321
323,J.A.,Happ,happj001,-1.009644459,4,2.33916241,-0.558145525,1,1.554425612,-0.451498934,3,0.784736798
324,Bryce,Harper,harpb003,46.35280982,682,347.7969025,31.34772167,157,142.4867485,15.00508815,525,205.310154
325,Josh,Harrison,harrj002,-16.8273547,146,78.98484084,-10.34286649,38,30.6883272,-6.484488208,108,48.29651365
326,Adam,Haseley,hasea001,-1.239138181,242,126.4602444,1.460062046,65,54.03373844,-2.699200227,177,72.42650595
327,Austin,Hays,haysa001,6.814624531,75,35.14556583,5.322642401,15,12.12487266,1.49198213,60,23.02069317
328,Ryon,Healy,healr001,-3.104131907,187,97.15594922,-3.311698732,39,35.97157409,0.207566825,148,61.18437513
329,Adeiny,Hechavarria,hecha001,8.37312772,221,105.9856393,5.842324974,55,41.78286328,2.530802746,166,64.20277599
330,Austin,Hedges,hedga001,-17.8219989,347,166.4131364,1.808657958,80,62.17361405,-19.63065686,267,104.2395223
331,Scott,Heineman,heins001,-3.68420952,85,42.81540833,-1.803827204,17,15.17261711,-1.880382316,68,27.64279122
332,Tyler,Heineman,heint001,-0.137889619,12,5.86457494,0.83080632,2,1.459275907,-0.968695939,10,4.405299033
333,Jeremy,Hellickson,hellj001,-1.596329923,13,6.312371843,-0.839646929,2,0.839646929,-0.756682993,11,5.472724913
334,Ryan,Helsley,helsr001,-1.031649091,3,2.958753826,-1.439189389,2,2.424214963,0.407540299,1,0.534538863
335,Kyle,Hendricks,hendk001,-10.1321855,64,37.90120519,-3.755957404,20,20.55072004,-6.376228098,44,17.35048515
336,Guillermo,Heredia,hereg002,-9.047694422,231,120.4262807,-7.299453124,64,52.80320848,-1.748241299,167,67.6230722
337,Michael,Hermosillo,hermm001,-2.442341986,46,23.20689463,-1.336181658,12,7.6215661,-1.106160329,34,15.58532853
338,Cesar,Hernandez,hernc005,-7.877998723,667,342.190291,-4.194376799,173,143.9011847,-3.683621924,494,198.2891063
339,Enrique,Hernandez,herne001,-7.681908386,460,238.8457041,-0.108696849,128,105.6514439,-7.573211536,332,133.1942601
340,Elieser,Hernandez,herne002,-5.835246979,24,14.37142933,-3.497387628,8,7.136780111,-2.337859351,16,7.23464922
341,Gorkys,Hernandez,herng001,-6.53464231,57,31.22737718,-2.874751989,11,12.40214339,-3.659890321,46,18.8252338
342,Marco,Hernandez,hernm003,-10.51076359,155,79.63383633,-7.792787389,39,33.99981422,-2.717976199,116,45.63402211
343,Teoscar,Hernandez,hernt002,2.345577856,464,228.6940012,11.97443832,105,86.29720735,-9.628860468,359,142.3967939
344,Chris,Herrmann,herrc001,-8.038223838,94,50.17346841,-3.462396337,20,15.64347049,-4.5758275,74,34.52999792
345,Odubel,Herrera,herro001,-4.575972179,139,77.26209265,-4.086760205,36,34.3200954,-0.489211974,103,42.94199725
346,Rosell,Herrera,herrr002,-5.263101822,119,62.91447417,-1.39237728,31,29.95625044,-3.870724542,88,32.95822373
347,David,Hess,hessd001,-1.196577269,4,2.76298034,-0.39224282,1,0.996280088,-0.804334449,3,1.766700252
348,Jason,Heyward,heywj001,-0.898468727,589,305.2748547,-6.692967407,130,115.017635,5.794498681,459,190.2572198
349,Aaron,Hicks,hicka001,2.692053286,255,135.0209433,2.158283208,59,59.64144308,0.533770078,196,75.37950026
350,John,Hicks,hickj001,-27.83396235,333,175.9210718,-19.93256314,97,82.33687637,-7.901399212,236,93.58419548
351,Kyle,Higashioka,higak001,-2.122656162,57,29.28371032,1.083449542,18,15.17509648,-3.206105704,39,14.10861383
352,Rich,Hill,hillr001,-2.157754768,20,8.518606532,-0.865966849,6,3.861566436,-1.291787919,14,4.657040096
353,Sam,Hilliard,hills005,4.385212336,87,39.12712123,-0.888868868,18,12.9954022,5.274081204,69,26.13171903
354,Keston,Hiura,hiurk001,9.858441662,348,188.7564022,-8.817834018,85,79.84725635,18.67627568,263,108.9091459
355,Nico,Hoerner,hoern001,3.262587831,82,42.87124257,6.76185557,22,18.34924234,-3.499267738,60,24.52200022
356,Jeff,Hoffman,hoffj003,-2.095472668,24,10.3653088,-0.198809976,4,1.770811884,-1.896662692,20,8.594496915
357,Bryan,Holaday,holab001,-2.79972405,129,67.24168481,-5.720293371,33,28.96700696,2.920569321,96,38.27467785
358,Derek,Holland,holld003,-3.239673345,16,9.922155151,-2.019536461,4,4.982364714,-1.220136884,12,4.939790437
359,Brock,Holt,holtb002,1.17441416,295,157.1915424,-2.397223214,85,72.37611134,3.571637374,210,84.81543107
360,Rhys,Hoskins,hoskr001,9.395863373,705,369.4753917,-10.49202406,199,167.4812082,19.88788743,506,201.9941835
361,Eric,Hosmer,hosme001,13.00083187,667,331.4793213,23.73019963,148,120.1773407,-10.72936776,519,211.3019806
362,Adrian,Houser,housa001,-5.498198019,27,11.43279277,-2.762365944,6,3.699641075,-2.735832074,21,7.733151694
363,Dakota,Hudson,hudsd002,-8.320504793,59,30.27812902,-1.08099558,16,11.73402677,-7.239509214,43,18.54410225
364,Nick,Hundley,hundn001,-12.98255491,73,39.0636739,-8.914167298,21,19.74537477,-4.068387612,52,19.31829913
365,Chris,Iannetta,iannc001,-3.167975619,164,79.15961111,-1.422668749,35,28.66243065,-1.745306869,129,50.49718046
366,Jose,Iglesias,iglej001,-6.07087677,530,274.2252996,1.278382263,136,113.4401027,-7.349259034,394,160.7851969
367,Raisel,Iglesias,igler001,-0.656613806,2,0.656613806,-0.544160584,1,0.544160584,-0.112453222,1,0.112453222
368,Ender,Inciarte,incie001,1.555880273,230,122.9153742,0.059238314,59,50.96262184,1.496641959,171,71.95275237
369,Cole,Irvin,irvic001,-0.662478002,8,4.001316861,-0.927731452,2,1.719627938,0.26525345,6,2.281688923
370,Alex,Jackson,jacka002,-4.839700492,15,7.348228038,-4.166729175,8,5.091878065,-0.672971317,7,2.256349973
371,Drew,Jackson,jackd004,-0.544759711,4,1.34335411,-0.380988306,1,0.380988306,-0.163771404,3,0.962365804
372,Edwin,Jackson,jacke001,-0.976538835,3,1.647609369,-0.619628978,1,1.000617284,-0.356909857,2,0.646992085
373,Jay,Jackson,jackj001,-1.009053556,2,1.009053556,-0.770289511,1,0.770289511,-0.238764045,1,0.238764045
374,Travis,Jankowski,jankt001,-2.036149241,25,12.7648362,-0.069572342,5,5.047146491,-1.966576898,20,7.717689705
375,Danny,Jansen,jansd001,-8.956178466,384,198.2060793,0.725535985,86,75.06347796,-9.681714452,298,123.1426013
376,Jon,Jay,jay-j001,-6.552108801,182,88.66633407,1.680933232,35,30.38850509,-8.233042032,147,58.27782898
377,Eloy,Jimenez,jimee001,3.730980246,504,266.5231021,-8.848572883,129,117.8521664,12.57955313,375,148.6709357
378,Connor,Joe,joe-c001,-2.702260004,16,6.950492175,-0.870859328,2,1.329517951,-1.831400676,14,5.620974224
379,Adam,Jones,jonea003,3.808470067,529,267.1753583,7.178536092,130,106.5547612,-3.370066024,399,160.6205971
380,JaCoby,Jones,jonej006,-4.234066337,333,163.4602398,-7.294228917,64,50.91245709,3.060162581,269,112.5477827
381,Corban,Joseph,josec001,-5.202487807,68,36.69211192,0.301531915,17,15.0889663,-5.504019722,51,21.60314562
382,Caleb,Joseph,josec002,-2.40219063,41,22.10283262,-0.938715738,10,8.616980904,-1.463474892,31,13.48585172
383,Matthew,Joyce,joycm001,9.762964922,238,123.5538567,4.144135782,57,46.5995868,5.61882914,181,76.95426986
384,Aaron,Judge,judga001,19.25845496,447,228.6741934,0.194399788,92,76.46451286,19.06405518,355,152.2096805
385,Jung Ho,Kang,kangj001,-9.401896224,185,95.68951145,-8.355352489,41,39.05106998,-1.046543735,144,56.63844147
386,Brad,Keller,kellb003,-0.427908447,10,4.008999952,0.666762137,2,0.877398447,-1.094670584,8,3.131601505
387,Carson,Kelly,kellc002,1.418704958,365,198.791875,0.063613944,100,86.77708478,1.355091014,265,112.0147902
388,Joe,Kelly,kellj001,-0.625529962,3,2.608957995,-0.130827933,1,1.554425612,-0.494702029,2,1.054532383
389,Merrill,Kelly,kellm002,-15.41702319,60,34.31144067,-8.024826348,20,17.8727966,-7.39219684,40,16.43864408
390,Mitch,Keller,kellm003,-3.232281454,11,5.414425159,-0.996280088,1,0.996280088,-2.236001366,10,4.418145071
391,Matt,Kemp,kempm001,-5.52170667,62,28.0563188,-1.44818077,13,10.25241256,-4.0735259,49,17.80390624
392,Tony,Kemp,kempt001,-7.921589609,279,129.5752216,-1.64235763,59,48.42657254,-6.279231979,220,81.14864906
393,Howie,Kendrick,kendh001,21.97814286,370,203.2580008,-2.339988673,103,96.73526686,24.31813153,267,106.522734
394,Max,Kepler,keplm001,27.79228607,596,308.2502949,13.15031807,116,95.91300818,14.64196801,480,212.3372868
395,Clayton,Kershaw,kersc001,-10.95511809,65,30.12854634,-4.820283627,14,10.17592098,-6.134834468,51,19.95262537
396,Dallas,Keuchel,keucd001,-7.270793969,41,17.4799735,-3.718439098,11,8.048697707,-3.552354871,30,9.431275796
397,Carter,Kieboom,kiebc001,-5.45348298,43,21.13063192,-3.844569758,10,9.092621499,-1.608913223,33,12.03801042
398,Kevin,Kiermaier,kierk001,-11.48075673,480,246.6442754,3.533257929,118,104.4090067,-15.01401466,362,142.2352687
399,Yusei,Kikuchi,kikuy001,0.520239796,2,1.108733309,0.632693018,1,0.996280088,-0.112453222,1,0.112453222
400,Isiah,Kiner-Falefa,kinei001,-15.18858067,222,122.2978321,-7.996461542,68,62.08772467,-7.192119133,154,60.21010748
401,Nick,Kingham,kingn001,-1.193307508,8,3.097752473,-1.33605707,3,1.33605707,0.142749562,5,1.761695403
402,Scott,Kingery,kings001,-5.06748219,500,252.8924068,-8.420313049,118,99.35289485,3.352830859,382,153.539512
403,Ian,Kinsler,kinsi001,-13.46464084,281,136.7986753,-5.298494998,55,43.40883744,-8.166145839,226,93.38983788
404,Jason,Kipnis,kipnj001,-5.796055002,511,266.0429071,4.995403475,133,109.6955352,-10.79145848,378,156.3473719
405,Andrew,Knapp,knapa001,-9.812044802,160,83.86202972,-6.770631672,46,38.62430936,-3.04141313,114,45.23772036
406,Andrew,Knizner,kniza001,-1.757096827,58,32.28657374,-0.933960248,14,14.33308104,-0.823136579,44,17.9534927
407,Kevin,Kramer,kramk001,-2.22758853,50,24.07927058,1.025110091,6,7.62889306,-3.252698621,44,16.45037752
408,Erik,Kratz,krate001,-5.172289927,53,23.46001016,-0.498479077,12,8.134009186,-4.67381085,41,15.32600098
409,Juan,Lagares,lagaj001,-15.89439622,286,147.6509872,-3.764509197,71,60.22131808,-12.12988702,215,87.42966917
410,Ryan,LaMarre,lamar001,-0.413849657,26,11.16245754,-2.319292172,4,4.04545923,1.905442516,22,7.116998307
411,Jake,Lamb,lambj001,8.196083493,226,126.2910293,6.742529188,55,54.66364563,1.453554304,171,71.62738367
412,Peter,Lambert,lambp001,-2.196943767,34,14.17089241,-0.305676153,12,6.748337236,-1.891267614,22,7.42255517
413,Dinelson,Lamet,lamed001,-4.701415044,24,9.760433147,-1.701802887,4,2.909877421,-2.999612156,20,6.850555726
414,Tommy,La Stella,lastt001,1.724148876,321,168.3415835,-3.259700246,85,73.78204907,4.983849122,236,94.55953443
415,Eric,Lauer,lauee001,-8.667431914,48,22.89406416,-4.150771935,9,7.54360306,-4.516659979,39,15.3504611
416,Ramon,Laureano,laurr001,9.837412353,481,253.6109053,-3.369407809,121,109.6766803,13.20682016,360,143.934225
417,Ryan,Lavarnway,lavar001,3.016798435,19,9.861207793,2.76798468,5,4.42585994,0.248813755,14,5.435347853
418,Mike,Leake,leakm001,-6.356800716,24,13.41990522,-3.605715761,8,6.134901919,-2.751084954,16,7.285003299
419,DJ,LeMahieu,lemad001,45.67330129,655,343.727949,29.47786633,145,118.7599916,16.19543496,510,224.9679573
420,Sandy,Leon,leons001,-9.847778037,191,96.64556645,-1.510594156,50,42.81119623,-8.337183881,141,53.83437023
421,Jon,Lester,lestj001,-0.65315589,53,20.37884069,2.409120322,13,6.911334013,-3.062276213,40,13.46750667
422,Kyle,Lewis,lewik001,2.312906395,75,38.13531741,1.521088908,11,10.590819,0.791817487,64,27.54449841
423,Domingo,Leyba,leybd001,2.324566103,30,16.71095234,0.943672849,8,7.445135949,1.380893254,22,9.265816387
424,Tzu-Wei,Lin,lin-t001,0.200811049,22,11.25285815,-0.338949192,5,3.649817726,0.539760242,17,7.603040426
425,Francisco,Lindor,lindf001,9.542593963,654,331.0622274,-7.879914473,133,109.2495557,17.42250844,521,221.8126716
426,Francisco,Liriano,lirif001,1.040852476,2,1.701461704,0.633312177,1,1.16692284,0.407540299,1,0.534538863
427,Tim,Locastro,locat001,1.584317246,250,128.5710306,1.872683758,61,49.65852553,-0.288366512,189,78.91250508
428,Walker,Lockett,lockw001,-0.620631236,7,3.579354677,-0.824563296,2,1.547911147,0.20393206,5,2.03144353
429,Evan,Longoria,longe001,4.900058872,508,271.3320595,-1.151335732,137,127.1274119,6.051394605,371,144.2046476
430,Shed,Long,longs001,-2.156518069,168,84.6194139,-4.759826528,43,34.66305378,2.603308459,125,49.95636012
431,Jorge,Lopez,lopej004,-0.559830354,2,0.893068218,-0.333237863,1,0.333237863,-0.226592491,1,0.559830354
432,Nicky,Lopez,lopen001,-22.89332301,402,205.3862658,-7.306273873,105,90.84093675,-15.58704914,297,114.5453291
433,Pablo,Lopez,lopep002,-6.991835698,36,22.12073676,-2.605177099,13,13.11144993,-4.3866586,23,9.00928683
434,Reynaldo,Lopez,loper003,-1.94404766,4,3.564249753,-1.317342217,2,2.087631728,-0.626705443,2,1.476618025
435,Tim,Lopes,lopet001,0.99668735,128,65.16204686,-1.389829638,31,24.85626135,2.386516988,97,40.30578551
436,Michael,Lorenzen,lorem002,-1.061966081,53,27.6077165,1.303667703,15,13.28484445,-2.365633783,38,14.32287205
437,Brandon,Lowe,loweb001,8.48663074,327,166.9408709,1.435017981,81,65.69393903,7.051612759,246,101.2469318
438,Nate,Lowe,lowen001,-0.264222675,170,90.83055467,-8.264220986,40,33.42129114,7.999998311,130,57.40926353
439,Jed,Lowrie,lowrj001,-1.970713874,8,4.944712091,-1.307910976,2,1.766569599,-0.662802898,6,3.178142493
440,Joey,Lucchesi,luccj001,-11.65449815,54,25.57938173,-4.59549267,12,9.668994109,-7.059005479,42,15.91038762
441,Jonathan,Lucroy,lucrj001,-15.32405503,328,182.4927235,-2.976948761,90,82.1798591,-12.34710627,238,100.3128644
442,Dawel,Lugo,lugod001,-12.02997857,288,133.5914225,-3.70004495,63,49.86936637,-8.329933617,225,83.7220561
443,Jordan,Luplow,luplj001,13.57760061,261,140.7020435,5.620753381,63,58.48806259,7.956847224,198,82.21398093
444,Gavin,Lux,lux-g001,1.604223674,82,41.7095466,-1.069525883,18,14.71344465,2.673749557,64,26.99610194
445,Jordan,Lyles,lylej001,-5.936124895,48,23.16533453,-0.281902767,14,11.36057576,-5.654222128,34,11.80475877
446,Lance,Lynn,lynnl001,-0.571111845,2,0.571111845,-0.458658623,1,0.458658623,-0.112453222,1,0.112453222
447,Manny,Machado,machm001,6.30737751,661,311.8620855,7.334897728,147,123.1323554,-1.027520218,514,188.7297301
448,Kenta,Maeda,maedk001,-2.924892932,61,34.49881033,-1.205353187,17,16.89493052,-1.719539744,44,17.60387982
449,Tyler,Mahle,mahlt001,-9.774713955,41,23.7059736,-6.070734563,13,10.88614625,-3.703979392,28,12.81982736
450,Mikie,Mahtook,mahtm001,-5.340545064,25,12.16200756,-2.066484256,6,4.956966939,-3.274060808,19,7.205040621
451,Luke,Maile,maill001,-10.02853922,129,62.31484188,-3.105082142,27,23.58498228,-6.923457075,102,38.7298596
452,Martin,Maldonado,maldm001,-15.0278762,374,188.6501277,-10.48876508,89,72.94301185,-4.539111113,285,115.7071158
453,Trey,Mancini,manct001,22.71545967,679,339.4612354,1.187954753,164,138.4208266,21.52750492,515,201.0404088
454,Manuel,Margot,margm001,-16.03446105,441,216.0909507,-9.533741667,84,72.59383099,-6.500719378,357,143.4971197
455,Nick,Margevicius,margn001,-2.384661474,17,7.021585239,-1.63937506,4,1.63937506,-0.745286414,13,5.382210179
456,Jake,Marisnick,marij002,-12.069508,318,170.0105445,-9.157585106,85,72.32344545,-2.911922889,233,97.68709904
457,Nick,Markakis,markn001,9.954868536,469,250.8353182,2.28639641,137,110.4509505,7.668472125,332,140.3843676
458,Parker,Markel,markp001,-0.915055382,3,2.201417697,-0.558145525,1,1.554425612,-0.356909857,2,0.646992085
459,German,Marquez,marqg001,-1.745271994,58,33.14194487,2.213897743,22,18.34446333,-3.959169737,36,14.79748153
460,J.D.,Martinez,martj006,32.8605957,657,341.1863374,13.22966722,186,157.0136978,19.63092848,471,184.1726396
461,Jose,Martinez,martj008,2.88803997,373,194.2194285,-0.297701458,83,73.58075918,3.185741428,290,120.6386694
462,Jason,Martin,martj009,-0.859724033,40,16.80762658,0.52626721,6,3.474063664,-1.385991243,34,13.33356291
463,Ketel,Marte,martk001,44.3769771,628,314.7409925,13.34411527,139,126.5130971,31.03286182,489,188.2278955
464,Leonys,Martin,martl004,-12.57821952,264,126.4792636,-3.22573209,48,42.87850681,-9.352487426,216,83.60075683
465,Nick,Martini,martn003,-0.560309761,109,55.17355156,1.202810052,19,17.17912458,-1.763119813,90,37.99442698
466,Russell,Martin,martr004,-2.197097224,249,119.3881872,-0.546837508,72,51.74074931,-1.650259716,177,67.64743792
467,Richie,Martin,martr006,-24.38542282,309,161.5953628,-16.76017783,71,67.95779008,-7.625244995,238,93.63757275
468,Starling,Marte,marts002,14.98211807,586,310.7545168,12.65449971,148,134.1671387,2.327618366,438,176.5873781
469,James,Marvel,marvj001,-0.867776726,4,1.270312176,-0.333237863,1,0.333237863,-0.534538863,3,0.937074312
470,Jeff,Mathis,mathj001,-23.96489078,244,105.4770993,-5.16994176,51,35.86318923,-18.79494902,193,69.61391005
471,Phil,Maton,matop002,0.191382466,4,1.465231339,0.481464694,2,1.06269589,-0.290082228,2,0.402535449
472,Steven,Matz,matzs001,-8.613600202,61,27.13989503,-4.793842525,11,7.50062887,-3.819757677,50,19.63926617
473,Dustin,May,may-d003,-2.277367263,11,3.965180895,-0.791896487,3,1.562185998,-1.485470777,8,2.402994897
474,Cameron,Maybin,maybc001,7.07044704,269,134.2161858,1.80470972,66,56.78106992,5.265737321,203,77.43511593
475,Jack,Mayfield,mayfj001,-6.619871355,65,33.15070009,-2.460631927,12,9.545393866,-4.159239428,53,23.60530622
476,Nomar,Mazara,mazan001,4.509579669,469,252.9359168,-2.446259229,130,113.6748281,6.955838898,339,139.2610887
477,Chris,Mazza,mazzc002,-0.798833001,3,1.747087296,-0.44357499,1,1.16692284,-0.355258012,2,0.580164455
478,Ryan,McBroom,mcbrr001,-3.182722644,83,45.28888942,-2.705165712,25,22.72085688,-0.477556932,58,22.56803255
479,Brian,McCann,mccab002,-2.356973566,316,168.936045,-2.297474914,81,72.07601714,-0.059498652,235,96.86002789
480,James,McCann,mccaj001,4.364807068,476,248.702059,8.942340326,125,103.8372203,-4.577533258,351,144.8648387
481,Andrew,McCutchen,mccua001,10.14693193,262,127.90187,3.712008372,46,35.69401515,6.434923555,216,92.20785489
482,T.J.,McFarland,mcfat001,-0.92174432,5,2.368052689,-0.166305557,1,1.16692284,-0.755438764,4,1.201129849
483,Reese,McGuire,mcgur002,1.892429841,105,47.31238244,-2.672442312,19,13.97699828,4.564872153,86,33.33538416
484,Brendan,McKay,mckab001,-0.810258986,11,6.070161558,-0.137596494,2,1.766569599,-0.672662492,9,4.303591959
485,Billy,McKinney,mckib001,-4.253482791,276,132.6213731,-3.331101419,52,42.87254365,-0.922381372,224,89.74882946
486,Ryan,McMahon,mcmar001,0.6880816,539,283.658669,-2.853458066,149,126.6348812,3.541539666,390,157.0237878
487,Jeff,McNeil,mcnej002,27.81199309,567,281.5665061,14.19291012,120,93.80902594,13.61908297,447,187.7574801
488,Alex,McRae,mcraa001,-0.882088094,7,3.213906234,-0.333237863,1,0.333237863,-0.548850231,6,2.880668371
489,Austin,Meadows,meada001,29.52888556,591,302.033408,13.02322272,118,106.2465835,16.50566284,473,195.7868244
490,John,Means,meanj001,0.396455,3,1.839206417,-0.166305557,1,1.16692284,0.562760556,2,0.672283576
491,Erick,Mejia,mejie001,0.773372725,27,15.44483454,1.068405021,7,7.530060554,-0.295032296,20,7.914773986
492,Francisco,Mejia,mejif001,-7.493985145,244,115.1861113,-5.439821057,60,49.30190455,-2.054164089,184,65.88420679
493,Seth,Mejias-Brean,mejis001,0.391446629,33,16.75738928,0.311179486,7,4.763800049,0.080267143,26,11.99358923
494,Tim,Melville,melvt001,-0.427539997,10,5.759373094,0.379120782,4,2.746013568,-0.806660779,6,3.013359526
495,Danny,Mendick,mendd002,-2.817597087,40,19.56253949,-2.341942111,12,10.39949096,-0.475654976,28,9.163048535
496,Conner,Menez,menec001,-1.094946252,3,1.207399474,-0.917317246,2,0.917317246,-0.177629006,1,0.290082228
497,Daniel,Mengden,mengd001,-0.882742733,2,0.882742733,-0.770289511,1,0.770289511,-0.112453222,1,0.112453222
498,Jordy,Mercer,mercj002,-5.981835246,272,127.8160669,-7.828534624,62,49.29460503,1.846699378,210,78.52146191
499,Oscar,Mercado,merco003,3.494167995,482,243.1957951,5.587962784,114,96.42568066,-2.093794789,368,146.7701145
500,Whit,Merrifield,merrw001,11.47356473,735,384.8083736,5.673434328,153,138.2737062,5.800130405,582,246.5346674
501,Miles,Mikolas,mikom001,-8.549351703,62,24.85662233,-2.834960909,14,8.328898683,-5.714390793,48,16.52772365
502,Wade,Miley,milew001,-0.75800543,6,2.706657308,-0.39224282,1,0.996280088,-0.365762609,5,1.71037722
503,Alec,Mills,milla003,-2.431421433,12,5.593144862,-0.721526754,3,1.952295985,-1.709894678,9,3.640848877
504,Brad,Miller,millb002,5.242533366,170,89.33337142,0.535500662,33,35.04881838,4.707032704,137,54.28455305
505,Ian,Miller,milli001,-1.435277779,17,7.555281308,0.361365598,2,0.877398447,-1.796643376,15,6.67788286
506,Mike,Minor,minom001,-2.543363405,10,5.663887158,-1.407458049,4,3.545281898,-1.135905356,6,2.11860526
507,Yadier,Molina,moliy001,-7.930769739,452,232.8556689,2.682561442,117,101.9560863,-10.61333118,335,130.8995826
508,Yoan,Moncada,moncy001,28.28036114,559,298.409666,-0.139002242,146,125.3361722,28.41936338,413,173.0734938
509,Adalberto,Mondesi,mondr003,-1.634682518,443,239.1230088,2.930684532,109,103.3869325,-4.56536705,334,135.7360763
510,Dylan,Moore,moord002,-10.2655305,282,140.4206035,-2.095017574,68,54.89522176,-8.170512923,214,85.52538172
511,Colin,Moran,morac001,-4.699045323,503,284.5759375,7.64112027,156,142.7976234,-12.34016559,347,141.778314
512,Kendrys,Morales,morak001,-8.780171008,201,102.0113371,-5.133698903,42,39.23536739,-3.646472105,159,62.77596968
513,Mitch,Moreland,morem001,4.034886327,335,189.7638676,3.508363772,103,99.82714577,0.526522556,232,89.93672183
514,Max,Moroff,morom001,-4.239238329,35,20.2099163,-1.822910648,11,10.32781555,-2.416327681,24,9.882100753
515,Logan,Morrison,morrl001,-0.979409226,38,17.59371296,-1.095735028,9,5.473448983,0.116325801,29,12.12026397
516,Charlie,Morton,mortc002,-0.72178959,2,0.834242812,-0.544160584,1,0.544160584,-0.177629006,1,0.290082228
517,Mike,Moustakas,mousm001,9.173473447,584,315.7634471,-5.174590303,154,137.270941,14.34806375,430,178.4925061
518,Cedric,Mullins,mullc002,-10.05103501,74,39.50563969,-4.24187354,18,16.12795263,-5.809161475,56,23.37768706
519,Max,Muncy,muncm001,37.05481188,589,310.5472917,14.95359153,141,122.2884919,22.10122035,448,188.2587997
520,Yairo,Munoz,munoy001,-7.25738378,181,89.9674706,-3.315031381,40,36.99754751,-3.942352399,141,52.96992309
521,Daniel,Murphy,murpd006,10.73863953,478,251.1035777,14.33399297,139,119.4506066,-3.595353439,339,131.6529711
522,J.R.,Murphy,murpj001,-3.439563528,70,33.04778047,-3.342271384,20,14.59895802,-0.097292143,50,18.44882246
523,Sean,Murphy,murps001,-0.645178542,60,30.29649132,-3.680203321,16,12.92096702,3.035024778,44,17.3755243
524,Tom,Murphy,murpt002,2.316785753,281,140.5736057,-4.923093762,67,55.72184705,7.239879515,214,84.85175863
525,Joe,Musgrove,musgj001,-8.752460707,61,29.95193565,-3.062745604,16,11.94368825,-5.689715103,45,18.0082474
526,Wil,Myers,myerw001,-6.693795057,489,239.597028,-9.832197304,106,87.46689589,3.138402246,383,152.1301321
527,Tyler,Naquin,naqut001,-6.092735326,294,146.54175,-7.372421381,79,68.8621089,1.279686054,215,77.6796411
528,Omar,Narvaez,narvo001,0.932422896,482,243.0027728,-3.872440618,122,100.5156662,4.804863515,360,142.4871066
529,Josh,Naylor,naylj001,2.464001708,279,138.351908,7.605877017,57,43.05020859,-5.141875309,222,95.30169945
530,Kristopher,Negron,negrk001,-4.229720927,82,42.84485389,-2.320508434,22,19.46362035,-1.909212493,60,23.38123355
531,Sheldon,Neuse,neuss001,-2.725206136,61,31.6638343,-1.174580359,16,15.20766802,-1.550625777,45,16.45616628
532,Sean,Newcomb,newcs001,-1.759698452,8,2.9673048,-0.380988306,1,0.380988306,-1.378710146,7,2.586316494
533,Kevin,Newman,newmk001,9.749468228,531,263.8575609,9.236555384,133,102.5469126,0.512912843,398,161.3106483
534,Juan,Nicasio,nicaj001,-0.7820781,2,1.530818951,-0.537621464,1,0.996280088,-0.244456635,1,0.534538863
535,Tomas,Nido,nidot001,-12.78252596,144,75.4600074,-8.383326881,43,37.52209815,-4.399199075,101,37.93790925
536,Brandon,Nimmo,nimmb001,10.31823949,254,131.3784356,9.844770138,60,54.25191807,0.473469354,194,77.12651753
537,Hector,Noesi,noesh001,-0.850053625,5,2.423314058,-0.544160584,1,0.544160584,-0.305893041,4,1.879153474
538,Aaron,Nola,nolaa001,-3.252764752,70,33.93648433,0.183828023,15,12.04343668,-3.436592775,55,21.89304765
539,Austin,Nola,nolaa002,1.595342044,267,145.0421362,-1.931365246,61,61.82036808,3.52670729,206,83.22176811
540,Jake,Noll,nollj001,0.183153451,13,6.57025625,1.455839416,3,3.199202959,-1.272685965,10,3.371053291
541,Daniel,Norris,norrd002,-0.775657605,6,1.850476631,-0.333237863,1,0.333237863,-0.442419742,5,1.517238767
542,Jacob,Nottingham,nottj001,2.772545244,7,4.856144425,3.307084107,4,3.919070113,-0.534538863,3,0.937074312
543,Dom,Nunez,nuned001,-3.438527351,43,21.09637141,-3.205101914,8,8.351089256,-0.233425437,35,12.74528216
544,Eduardo,Nunez,nunee002,-15.70236697,174,98.59991214,-7.429701083,56,49.98844217,-8.27266589,118,48.61146997
545,Renato,Nunez,nuner001,4.020151561,599,306.3008701,9.174179872,162,129.601287,-5.154028311,437,176.6995831
546,Peter,O'Brien,obrip002,-4.597749088,47,24.41479905,-2.083247386,12,11.16095727,-2.514501702,35,13.25384179
547,Rougned,Odor,odorr001,6.128570544,581,297.6754846,22.78440339,154,125.959772,-16.65583284,427,171.7157126
548,Brian,O'Grady,ograb001,-1.170500937,48,19.88399853,-2.241559454,8,6.077587308,1.071058518,40,13.80641122
549,Ryan,O'Hearn,ohear001,-18.1030161,370,189.4555413,-12.41774993,98,76.32338311,-5.685266171,272,113.1321582
550,Shohei,Ohtani,ohtas001,8.337481527,425,225.2927231,2.900185328,115,109.9486585,5.437296199,310,115.3440646
551,Matt,Olson,olsom001,28.70969533,547,277.1519979,4.602739078,128,116.446854,24.10695625,419,160.705144
552,Tyler,O'Neill,oneit001,-1.302704225,151,75.87991327,-4.228309826,43,35.34406197,2.925605601,108,40.5358513
553,Rafael,Ortega,orter001,-3.711139258,96,52.75632271,-0.85946601,27,24.95851366,-2.851673248,69,27.79780905
554,Jose,Osuna,osunj001,-0.66211437,285,144.3689836,-6.331535833,80,66.74548172,5.669421463,205,77.62350188
555,Corey,Oswalt,oswac001,-0.507015107,3,3.521062469,-0.04382716,1,2.044444444,-0.463187946,2,1.476618025
556,Chris,Owings,owinc001,-17.88359753,196,96.44183209,-4.463477444,45,36.21731336,-13.42012008,151,60.22451874
557,Marcell,Ozuna,ozunm001,7.21690295,549,293.9453009,-0.118789005,156,132.7183754,7.335691955,393,161.2269255
558,Chris,Paddack,paddc001,-7.534037942,46,22.02057726,-2.073583214,11,10.13497584,-5.460454728,35,11.88560143
559,Daniel,Palka,palkd001,-13.87128374,93,50.86816658,-8.32852772,22,22.73391452,-5.54275602,71,28.13425207
560,Joe,Panik,panij002,-14.15106124,491,253.1222629,-7.397491296,122,101.6797243,-6.753569943,369,151.4425386
561,Jarrett,Parker,parkj002,-1.730820511,15,6.594758612,-0.166305557,1,1.16692284,-1.564514955,14,5.427835771
562,Gerardo,Parra,parrg001,6.523175459,301,161.1742824,17.00757087,81,72.18243821,-10.48439541,220,88.99184417
563,James,Paxton,paxtj001,-2.351340306,8,5.124416509,-1.842526768,5,3.779801898,-0.508813538,3,1.344614611
564,Steve,Pearce,pears001,-8.378144074,99,55.8454018,-5.324238252,26,26.18153766,-3.053905822,73,29.66386414
565,Joc,Pederson,pedej001,16.36084788,514,261.307029,7.501213799,115,89.90380135,8.859634076,399,171.4032277
566,Dustin,Pedroia,pedrd001,-4.688385708,21,13.3892519,-2.897116553,7,6.812340914,-1.791269155,14,6.576910987
567,Hunter,Pence,pench001,22.22245659,316,157.7899417,15.3235029,89,72.42080472,6.898953687,227,85.36913694
568,David,Peralta,perad001,10.87441659,423,222.1793031,14.90432139,111,97.7941337,-4.029904802,312,124.3851694
569,Freddy,Peralta,peraf001,-2.738543351,16,6.57499123,-0.854592377,5,2.18783024,-1.883950975,11,4.387160989
570,Jose,Peraza,peraj003,-19.46189527,404,193.1437623,-2.282284915,83,64.71714832,-17.17961036,321,128.426614
571,Luis,Perdomo,perdl002,-0.953347808,7,3.007880191,-0.658453573,2,1.770906795,-0.294894235,5,1.236973396
572,Hernan,Perez,pereh001,-18.82770076,246,127.162518,-18.69925049,67,51.69721563,-0.12845027,179,75.46530235
573,Martin,Perez,perem004,-0.85501894,3,1.690820012,-0.458658623,1,0.458658623,-0.396360317,2,1.232161389
574,Michael,Perez,perem005,0.678967994,55,24.53038635,-0.123887522,9,7.414190953,0.802855515,46,17.11619539
575,Roberto,Perez,perer003,-0.319722317,449,237.4668411,-0.296882359,121,103.3185415,-0.022839957,328,134.1482996
576,Dustin,Peterson,peted002,-3.798212415,47,27.98912653,-3.087703585,16,14.95776748,-0.71050883,31,13.03135905
577,Jace,Peterson,petej002,-3.162359918,108,50.75101554,2.680245071,25,20.1344692,-5.842604988,83,30.61654634
578,Tommy,Pham,phamt001,9.581793553,654,344.8161314,-3.512048733,153,138.9084927,13.09384229,501,205.9076387
579,Josh,Phegley,phegj001,6.580925844,342,171.5140406,8.27944452,104,82.51127804,-1.698518676,238,89.0027626
580,Brett,Phillips,philb002,-5.542440602,79,42.55290005,-5.089016241,22,18.75976465,-0.453424361,57,23.79313541
581,Kevin,Pillar,pillk001,-8.678651754,645,335.4530082,-0.379004058,154,138.8474205,-8.299647696,491,196.6055877
582,Manny,Pina,pinam001,-5.470948741,179,97.16355365,-2.502409581,59,50.67421538,-2.968539159,120,46.48933827
583,Chad,Pinder,pindc001,-9.648164657,370,198.1542415,-6.637217998,91,81.40114238,-3.010946659,279,116.7530991
584,Jose,Pirela,pirej001,-2.329606701,24,12.54800646,0.872354212,6,5.30211744,-3.201960913,18,7.245889018
585,Stephen,Piscotty,piscs001,-10.6084488,393,197.9764619,-1.849066046,89,76.73071895,-8.759382755,304,121.245743
586,Nick,Pivetta,piven001,-6.720999822,27,11.01505761,-4.928948263,11,5.387606886,-1.792051559,16,5.627450723
587,Kevin,Plawecki,plawk001,-9.197641314,174,95.74219804,-5.79219709,45,41.6795373,-3.405444224,129,54.06266073
588,Adam,Plutko,pluta001,-0.703115259,2,0.993197486,-0.458658623,1,0.458658623,-0.244456635,1,0.534538863
589,Gregory,Polanco,polag001,-0.518727812,167,88.92144618,-5.024756602,36,35.35369029,4.50602879,131,53.56775589
590,Jorge,Polanco,polaj001,24.91120196,704,358.6542101,12.28872246,146,133.3023469,12.6224795,558,225.3518632
591,A.J.,Pollock,polla001,-1.191658912,342,188.9256967,7.8923615,91,80.72170038,-9.084020412,251,108.2039963
592,Drew,Pomeranz,pomed001,-5.387059265,20,8.609322477,-2.288623688,4,3.345209402,-3.098435577,16,5.264113076
593,Daniel,Ponce de Leon,poncd001,-2.643139155,12,7.502952595,-1.168140628,3,3.592355591,-1.474998527,9,3.910597004
594,Rick,Porcello,porcr001,-1.75214994,6,2.470497911,-0.342359544,1,0.723347851,-1.409790395,5,1.74715006
595,Buster,Posey,poseb001,-14.52424372,445,221.8066463,-5.704731539,92,82.69354863,-8.819512181,353,139.1130976
596,Martin,Prado,pradm001,-16.03952169,260,129.9409855,-6.523816956,52,43.90504017,-9.515704729,208,86.03594532
597,David,Price,pricd001,0.675733994,2,0.782924629,0.914498039,1,0.544160584,-0.238764045,1,0.238764045
598,Jurickson,Profar,profj001,-6.950429943,518,271.4927999,-1.480141382,134,114.6156383,-5.470288561,384,156.8771616
599,Cesar,Puello,puelc001,4.180975535,147,72.86352804,2.393770207,37,29.91686417,1.787205328,110,42.94666387
600,Yasiel,Puig,puigy001,8.133808101,611,317.3281973,5.590162556,150,138.2852104,2.543645546,461,179.0429869
601,Albert,Pujols,pujoa001,3.558475919,545,303.8202207,12.08523134,163,147.783719,-8.526755425,382,156.0365017
602,Cal,Quantrill,quanc001,-5.750343122,30,18.93132959,-2.661933335,8,8.616493212,-3.088409788,22,10.31483638
603,Jose,Quintana,quinj001,-13.32827447,63,33.55255502,-6.173591684,21,18.4022992,-7.15468279,42,15.15025582
604,Roman,Quinn,quinr003,-3.954289733,123,63.55377612,0.586856262,27,22.89829245,-4.541145995,96,40.65548367
605,Hanley,Ramirez,ramih003,-0.942409905,57,29.82733682,0.734745625,21,15.38687386,-1.677155531,36,14.44046296
606,Harold,Ramirez,ramih004,0.105525935,446,228.860082,1.201345198,102,90.04988534,-1.095819263,344,138.8101966
607,Jose,Ramirez,ramij003,14.49630144,542,285.7719319,9.017501141,144,127.9196836,5.478800302,398,157.8522483
608,Wilson,Ramos,ramow001,12.64994802,524,270.1273865,6.689646789,146,124.3769065,5.960301236,378,145.75048
609,Rangel,Ravelo,raver001,-0.326443268,43,22.9936889,0.271488846,12,12.70510863,-0.597932114,31,10.28858027
610,Robbie,Ray,ray-r002,-14.36151497,60,28.96825086,-6.978804329,20,13.99901311,-7.382710639,40,14.96923775
611,Raudy,Read,readr002,-3.660133727,11,6.124993097,-2.137938819,3,2.596597442,-1.522194908,8,3.528395655
612,J.T.,Realmuto,realj001,5.061897902,593,307.2124327,-13.70877883,163,135.3432593,18.77067673,430,171.8691733
613,Josh,Reddick,reddj001,0.88888916,550,291.5255803,1.831548285,137,115.6668383,-0.942659125,413,175.858742
614,A.J.,Reed,reeda002,-5.119094571,49,22.70609776,-0.712122855,13,9.422792756,-4.406971716,36,13.283305
615,Michael,Reed,reedm001,-2.761323141,8,4.541404403,-1.223666245,2,1.604654551,-1.537656896,6,2.936749852
616,Anthony,Rendon,renda001,61.31469835,646,349.1312091,33.92272253,205,185.763893,27.39197582,441,163.3673161
617,Hunter,Renfroe,renfh001,-6.422221567,494,241.6454403,-12.93907053,107,86.55385043,6.516848961,387,155.0915898
618,Luis,Rengifo,rengl001,-9.235118625,406,201.9841457,-0.12498248,98,84.99705921,-9.110136145,308,116.9870865
619,Franmil,Reyes,reyef001,-0.670167571,548,272.2338199,-10.95467784,131,108.7700465,10.28451027,417,163.4637733
620,Pablo,Reyes,reyep001,-4.863559652,157,78.7609447,-0.259590416,38,32.61419985,-4.603969236,119,46.14674485
621,Victor,Reyes,reyev001,-1.251283438,292,139.8218294,-3.132944635,61,44.77148861,1.881661196,231,95.05034078
622,Bryan,Reynolds,reynb001,28.72796459,546,285.4417505,13.97756569,125,103.1176727,14.7503989,421,182.3240778
623,Mark,Reynolds,reynm001,-5.310233735,162,81.82019,5.541882533,44,35.48309432,-10.85211627,118,46.33709567
624,Garrett,Richards,richg002,-0.814328462,3,1.820901178,-0.39224282,1,0.996280088,-0.422085641,2,0.824621091
625,Trevor,Richards,richt001,-6.369312052,34,17.58020892,-4.133931595,10,8.731618705,-2.235380456,24,8.848590212
626,Joey,Rickard,rickj001,-6.071819019,189,86.25705674,-7.044024721,37,31.19778687,0.972205702,152,55.05926987
627,JT,Riddle,riddj001,-9.829995215,139,66.50973959,-6.022786833,25,22.41309398,-3.807208382,114,44.09664561
628,Austin,Riley,rilea001,2.119074183,297,156.9746514,5.203643629,83,66.13124953,-3.084569446,214,90.84340189
629,Edwin,Rios,riose001,2.158340091,56,23.29647185,-2.741706124,12,8.974613122,4.900046215,44,14.32185873
630,Felipe,Vazquez,rivef001,-0.697422668,2,0.697422668,-0.458658623,1,0.458658623,-0.238764045,1,0.238764045
631,Rene,Rivera,river003,-0.203439709,20,11.82217648,0.387682026,7,6.465257796,-0.591121735,13,5.356918688
632,Yadiel,Rivera,rivey001,-5.035497361,66,34.16124999,-0.421707665,14,14.86662842,-4.613789696,52,19.29462157
633,Anthony,Rizzo,rizza001,46.68022489,613,301.8157198,18.32745159,132,115.8007586,28.3527733,481,186.0149612
634,Tanner,Roark,roart001,-4.505244558,34,15.47421668,-2.674860686,7,5.572105643,-1.830383872,27,9.902111032
635,Daniel,Robertson,robed004,-10.01240475,237,128.1455449,-1.711126162,59,54.84798408,-8.301278593,178,73.29756081
636,Drew,Robinson,robid003,-1.711056591,7,4.127372243,-0.819560412,1,1.423597679,-0.891496179,6,2.703774565
637,Victor,Robles,roblv001,0.82218205,617,312.8548059,4.71448481,149,127.3215405,-3.89230276,468,185.5332654
638,Brendan,Rodgers,rodgb002,-3.509073713,81,37.40554489,-0.021500729,16,11.98071252,-3.487572984,65,25.42483237
639,Dereck,Rodriguez,rodrd001,-4.129200969,29,10.68828321,-1.429790972,5,3.717145917,-2.699409998,24,6.971137292
640,Eduardo,Rodriguez,rodre004,-1.74709079,9,4.836115481,-1.359776067,3,2.783373746,-0.387314722,6,2.052741735
641,Ronny,Rodriguez,rodrr009,-14.67346545,294,157.5902393,-8.973215797,81,67.32080939,-5.700249648,213,90.26942988
642,Sean,Rodriguez,rodrs002,-1.338905624,140,72.67409837,-6.541781539,33,29.26186886,5.202875915,107,43.41222951
643,Jake,Rogers,rogej004,-15.04649006,128,71.01756273,-6.687853247,29,27.41492354,-8.358636811,99,43.60263919
644,Josh,Rojas,rojaj001,-5.71013271,157,82.77242508,-1.527782393,41,35.49851695,-4.182350317,116,47.27390812
645,Miguel,Rojas,rojam002,-18.9872978,526,269.7025269,0.174431429,114,90.29119318,-19.16172923,412,179.4113338
646,Sal,Romano,romas001,-1.009053556,2,1.009053556,-0.770289511,1,0.770289511,-0.238764045,1,0.238764045
647,Austin,Romine,romia002,1.524423089,240,130.6416189,4.292424748,57,54.48842738,-2.768001659,183,76.15319154
648,Jose,Rondon,rondj002,-16.90498667,157,82.16154316,-8.964827345,38,31.96915834,-7.94015932,119,50.19238482
649,Amed,Rosario,rosaa003,1.242179323,655,354.637619,0.007815332,154,146.6273808,1.234363992,501,208.0102382
650,Eddie,Rosario,rosae001,12.19494165,590,319.0923588,16.37507117,173,151.7030597,-4.180129521,417,167.3892991
651,Joe,Ross,rossj002,-2.595616107,20,7.996664559,-1.546979791,3,1.546979791,-1.048636316,17,6.449684768
652,Rio,Ruiz,ruizr002,0.068865269,413,187.3115207,6.960738974,82,61.99675408,-6.891873706,331,125.3147667
653,Addison,Russell,russa002,-7.261009685,241,114.8806699,-6.835959781,53,44.23098316,-0.425049903,188,70.64968678
654,Hyun-Jin,Ryu,ryu-h001,-11.19420565,67,36.92029251,-8.045796066,19,18.2482029,-3.14840958,48,18.6720896
655,Casey,Sadler,sadlc002,-0.959707106,3,1.820901178,-0.537621464,1,0.996280088,-0.422085641,2,0.824621091
656,Tyler,Saladino,salat001,-7.058947634,71,36.48461322,-1.076946362,17,16.33863211,-5.982001272,54,20.14598111
657,Jeff,Samardzija,samaj001,-9.906580485,56,32.10237124,-5.442721591,14,15.02164501,-4.463858894,42,17.08072623
658,Anibal,Sanchez,sanca004,-10.98329437,56,24.40139306,-4.149341543,13,8.465026206,-6.833952824,43,15.93636685
659,Adrian,Sanchez,sanca007,-1.307737801,32,17.80829092,-1.177657906,7,6.199422918,-0.130079895,25,11.608868
660,Carlos,Sanchez,sancc001,-15.22875192,555,281.2580331,-5.840001757,141,121.45042,-9.388750163,414,159.8076131
661,Gary,Sanchez,sancg002,6.982781462,446,226.3459549,-1.155627713,118,105.8670577,8.138409174,328,120.4788971
662,Pablo,Sandoval,sandp001,2.022072488,296,154.9261747,-1.671862061,75,70.37190462,3.693934549,221,84.5542701
663,Miguel,Sano,sanom001,21.19078575,439,219.2980742,3.919663093,110,92.22340991,17.27112265,329,127.0746643
664,Anthony,Santander,santa003,0.759911793,405,206.7340959,1.774530388,105,92.2469924,-1.014618595,300,114.4871035
665,Carlos,Santana,santc002,29.42301525,686,338.59762,9.675153823,190,162.3500267,19.74786143,496,176.2475933
666,Danny,Santana,santd001,15.13624302,511,261.4196397,5.795574226,117,99.76402616,9.340668798,394,161.6556135
667,Domingo,Santana,santd002,0.48693231,507,249.6362581,0.417086999,135,108.4014639,0.069845311,372,141.2347942
668,Max,Scherzer,schem001,-9.376448225,61,29.95270612,-4.238191429,14,11.51121555,-5.138256796,47,18.44149057
669,Scott,Schebler,sches001,-10.9075394,95,49.57430645,-6.394426469,20,18.77233136,-4.513112928,75,30.80197509
670,Jonathan,Schoop,schoj001,-5.136770602,464,230.8111802,-13.48280492,113,89.27548205,8.346034317,351,141.5356981
671,Frank,Schwindel,schwf001,-0.549258826,15,5.712638195,1.445411864,2,1.329517951,-1.99467069,13,4.383120244
672,Kyle,Schwarber,schwk001,18.05710316,610,317.9316998,0.112485998,130,121.5593582,17.94461716,480,196.3723415
673,Corey,Seager,seagc001,15.99495432,541,296.6543205,17.49805367,153,141.8281599,-1.503099343,388,154.8261606
674,Kyle,Seager,seagk001,7.074476672,443,236.038162,3.758449135,100,93.91608628,3.316027537,343,142.1220757
675,Jean,Segura,seguj002,-0.390432193,618,304.0990478,4.216655568,135,110.4918529,-4.607087761,483,193.6071949
676,Marcus,Semien,semim001,40.52726449,747,356.7555799,23.73520876,128,100.7124958,16.79205572,619,256.0430841
677,Antonio,Senzatela,senza001,-7.698392462,46,20.96899301,0.050733271,8,6.244960993,-7.749125732,38,14.72403202
678,Nick,Senzel,senzn001,0.086455152,413,195.7055502,2.626295774,74,57.20423027,-2.539840622,339,138.5013199
679,Pedro,Severino,sevep001,-1.502352854,341,184.3062791,-2.986803617,99,89.5582221,1.484450763,242,94.74805698
680,Chris,Shaw,shawc001,-2.186235998,20,10.82758164,0.321538926,5,5.161717026,-2.507774924,15,5.665864616
681,Travis,Shaw,shawt001,-25.49326389,270,135.8057118,-12.79884299,65,57.41813637,-12.6944209,205,78.38757547
682,Justus,Sheffield,shefj001,-0.510866869,2,0.623320091,-0.333237863,1,0.333237863,-0.177629006,1,0.290082228
683,JB,Shuck,shucj001,0.497281012,57,20.77104385,1.279492309,9,5.348028224,-0.782211297,48,15.42301562
684,Magneuris,Sierra,sierm002,-1.713320016,42,21.6229251,-1.793084672,9,8.379925633,0.079764656,33,13.24299947
685,Andrelton,Simmons,simma001,-16.02163641,424,219.9619767,-8.821845247,111,99.29139093,-7.199791161,313,120.6705857
686,Lucas,Sims,simsl001,-1.318258891,8,3.742929968,-0.117177751,2,1.446695702,-1.20108114,6,2.296234266
687,Chance,Sisco,siscc001,0.470940607,198,97.96801854,-0.327087768,47,34.75950006,0.798028375,151,63.20851848
688,Matt,Skole,skolm001,-6.479453295,80,43.49485791,-3.758400442,25,19.09719409,-2.721052854,55,24.39766382
689,Austin,Slater,slata001,3.817317755,192,98.11751037,5.623066665,45,35.09656563,-1.80574891,147,63.02094474
690,Caleb,Smith,smitc006,-3.275013278,49,24.842167,0.618878998,15,12.30355708,-3.893892276,34,12.53860992
691,Dwight,Smith,smitd007,-2.790859127,392,198.5253642,10.22268452,105,90.40613746,-13.01354364,287,108.1192267
692,Dominic,Smith,smitd008,3.762734123,197,92.14816359,-0.709323131,48,34.451212,4.472057254,149,57.69695158
693,Kevan,Smith,smitk002,-7.190903149,211,100.990387,-4.743047697,43,35.66463398,-2.447855452,168,65.32575303
694,Mallex,Smith,smitm007,-22.41348764,566,294.2249839,-16.96266449,124,107.2839835,-5.450823159,442,186.9410004
695,Will,Smith,smitw002,1.415995467,2,1.546116429,1.634726778,1,0.604037267,-0.218731311,1,0.942079162
696,Will,Smith,smitw003,13.79928426,196,95.95402817,11.3635794,55,45.79098521,2.435704861,141,50.16304296
697,Justin,Smoak,smoaj001,5.062249443,500,237.1084589,3.163644791,114,87.78745792,1.898604653,386,149.321001
698,Drew,Smyly,smyld001,-6.000305167,20,11.92271438,-3.48038345,7,5.533249251,-2.519921717,13,6.389465125
699,Eric,Sogard,sogae001,7.959612809,442,217.3840042,6.763243437,59,51.85820595,1.196369372,383,165.5257983
700,Donovan,Solano,solad001,5.594555342,228,110.5075291,2.110856322,47,39.35235886,3.48369902,181,71.15517027
701,Nick,Solak,solan001,8.659090843,135,67.33595886,6.629653371,32,30.09333245,2.029437473,103,37.24262641
702,Yangervis,Solarte,solay001,-6.226020338,78,41.00474552,0.120720324,20,17.63464606,-6.346740662,58,23.37009946
703,Jorge,Soler,solej001,35.43364659,679,353.7960119,8.061088714,173,149.38129,27.37255788,506,204.4147219
704,Mike,Soroka,sorom001,-10.2152289,63,32.01839025,-5.541036824,17,12.43516589,-4.674192079,46,19.58322436
705,Edmundo,Sosa,sosae001,-0.656755522,10,4.164635826,-0.458658623,1,0.458658623,-0.198096899,9,3.705977202
706,Juan,Soto,sotoj001,34.33086293,659,369.5983447,10.38700909,214,196.2997537,23.94385383,445,173.298591
707,Cory,Spangenberg,spanc001,-4.900269337,102,53.52874961,-2.863780699,31,28.02689494,-2.036488638,71,25.50185467
708,George,Springer,sprig001,31.9224631,556,304.2874626,11.6207757,142,124.2000313,20.3016874,414,180.0874313
709,Jacob,Stallings,stalj001,-7.531877451,210,99.18829872,-7.730102089,53,38.91760892,0.198224638,157,60.27068979
710,Eric,Stamets,stame001,-7.216027803,48,26.40501822,-1.817702547,11,11.77251375,-5.398325256,37,14.63250447
711,Giancarlo,Stanton,stanm004,6.441025893,72,35.6140531,5.343253551,19,16.07922053,1.097772342,53,19.53483257
712,Bubba,Starling,starb001,-17.02032427,197,104.4975539,-8.146012663,43,41.9261434,-8.874311605,154,62.57141047
713,Max,Stassi,stasm001,-19.51226216,147,73.18049146,-11.50078763,31,28.48468796,-8.011474529,116,44.6958035
714,Andrew,Stevenson,steva001,1.272111012,37,15.770908,-1.119333412,3,3.118432706,2.391444423,34,12.65247529
715,Christin,Stewart,stewc002,-8.381612932,416,210.5510704,-6.976704363,103,82.97725081,-1.40490857,313,127.5738196
716,DJ,Stewart,stewd002,-2.322120135,142,69.60830282,-0.838595021,36,29.53293541,-1.483525113,106,40.07536742
717,Trevor,Story,stort001,30.70902435,656,334.0704616,5.695925189,137,119.925714,25.01309917,519,214.1447476
718,Chris,Stratton,strac001,-1.756384685,4,3.427455219,-1.399474828,2,2.780463134,-0.356909857,2,0.646992085
719,Matt,Strahm,stram001,-1.791730891,27,14.01911658,0.159972154,6,5.072473103,-1.951703045,21,8.946643474
720,Myles,Straw,stram002,-3.65663597,128,63.24642404,-4.004630117,30,24.94927739,0.347994147,98,38.29714665
721,Stephen,Strasburg,stras001,-7.647323276,80,38.44888861,-1.265575561,27,21.28703147,-6.381747714,53,17.16185714
722,Ross,Stripling,strir001,-4.060652421,24,12.29515295,-1.785956308,5,4.648380329,-2.274696113,19,7.646772622
723,Marcus,Stroman,strom001,-5.011076651,25,10.43833684,-0.390109987,1,0.723347851,-4.620966664,24,9.714988991
724,Garrett,Stubbs,stubg001,-3.40731837,39,20.49010768,-2.190644872,14,11.21947928,-1.216673498,25,9.270628394
725,Andrew,Suarez,suara002,0.775093557,3,0.995195955,1,1,0.770289511,-0.224906443,2,0.224906443
726,Eugenio,Suarez,suare001,28.70772193,662,337.8035753,4.362313937,168,145.8854924,24.34540799,494,191.9180829
727,Jesus,Sucre,sucrj001,-3.266617893,67,30.54766474,-0.534794417,12,9.866262933,-2.731823476,55,20.6814018
728,Ichiro,Suzuki,suzui001,-0.832947836,6,3.834069149,-1.220387843,3,2.667083544,0.387440007,3,1.166985605
729,Kurt,Suzuki,suzuk001,9.975005157,309,172.7020382,13.9818062,96,86.46548852,-4.00680104,213,86.23654965
730,Dansby,Swanson,swand001,-6.954562077,545,300.2553884,-9.239754028,149,135.8800665,2.285191951,396,164.3753219
731,Erik,Swanson,swane001,-0.621203996,2,1.457005068,-0.44357499,1,1.16692284,-0.177629006,1,0.290082228
732,Blake,Swihart,swihb001,-4.722352515,99,55.4506157,1.337947787,27,25.91956291,-6.060300302,72,29.5310528
733,Noah,Syndergaard,syndn001,-12.91628404,69,30.33454168,-5.812556723,13,10.10459257,-7.103727316,56,20.22994911
734,Jameson,Taillon,tailj001,-1.505705565,11,5.471044642,-0.619628978,1,1.000617284,-0.886076588,10,4.470427358
735,Raimel,Tapia,tapir001,-5.665047257,447,222.2986624,0.455160442,111,86.82541568,-6.120207699,336,135.4732467
736,Fernando,Tatis,tatif002,22.13046248,372,181.9896086,9.401549489,73,53.76232561,12.72891299,299,128.227283
737,Mike,Tauchman,taucm001,9.86813923,296,155.5909686,4.10324453,85,76.26181796,5.7648947,211,79.32915061
738,Beau,Taylor,taylb003,-1.661108394,30,15.3832515,-1.755096644,8,5.856733827,0.09398825,22,9.52651767
739,Chris,Taylor,taylc001,6.215796734,414,214.0543141,7.670081937,100,88.65039769,-1.454285203,314,125.4039164
740,Michael,Taylor,taylm002,-7.007127725,97,52.4569862,-8.401137152,24,22.70866166,1.394009427,73,29.74832454
741,Tyrone,Taylor,taylt002,1.945708947,12,6.650185685,0.764588497,2,2.424214963,1.181120451,10,4.225970723
742,Julio,Teheran,tehej001,-10.20931027,60,26.12222858,-3.03074512,14,10.24269406,-7.178565146,46,15.87953452
743,Ruben,Tejada,tejar001,-2.751450283,9,4.539221085,-0.996280088,1,0.996280088,-1.755170195,8,3.542940998
744,Rowdy,Tellez,tellr001,-14.17187508,409,210.1647523,-8.073473097,106,88.35243184,-6.098401986,303,121.8123204
745,Matt,Thaiss,thaim001,-5.277558108,164,86.48976835,-6.444088203,43,40.76597708,1.166530094,121,45.72379127
746,Eric,Thames,thame001,10.67195329,459,232.1130395,-3.684820308,118,95.89644843,14.3567736,341,136.2165911
747,Lane,Thomas,thoml002,4.499897323,44,23.08647929,3.820800977,11,11.37438386,0.679096346,33,11.71209544
748,Charlie,Tilson,tilsc001,-5.396804703,157,79.43975174,0.892606269,37,33.64394654,-6.289410972,120,45.7958052
749,Jesus,Tinoco,tinoj001,-1.156830241,6,2.383136323,-0.848768611,2,1.182006474,-0.308061631,4,1.201129849
750,Abraham,Toro,toroa001,-5.743090884,89,56.36232108,-6.344810899,34,34.02838545,0.601720015,55,22.33393563
751,Gleyber,Torres,torrg001,11.32414407,604,315.9095799,9.803212102,145,133.0806047,1.520931967,459,182.8289752
752,Luis,Torrens,torrl001,-1.933536384,16,8.307096677,-1.67434422,2,2.397692071,-0.259192164,14,5.909404606
753,Ronald,Torreyes,torrr001,-1.220872459,17,8.282861049,-0.151059533,4,3.018796683,-1.069812926,13,5.264064367
754,Touki,Toussaint,toust001,-2.37671883,10,4.260395591,-0.604037267,1,0.604037267,-1.772681563,9,3.656358324
755,Wilfredo,Tovar,tovaw001,-5.732336978,88,46.51607569,-3.013193317,21,20.50535147,-2.719143662,67,26.01072423
756,Sam,Travis,travs001,-7.347460925,157,82.55431567,-0.801442839,42,33.70343401,-6.546018086,115,48.85088166
757,Jose,Trevino,trevj001,-4.518240692,126,68.95354902,0.849126748,29,31.17225898,-5.36736744,97,37.78129004
758,Mike,Trout,troum001,65.34535263,600,319.7751883,20.5422016,133,123.3813194,44.80315103,467,196.3938688
759,Mark,Trumbo,trumm001,-2.246177358,31,15.91765801,-0.61994606,6,4.835440226,-1.626231298,25,11.08221779
760,Cole,Tucker,tuckc001,-8.33846212,159,85.80583252,-4.472817031,42,35.5677635,-3.865645089,117,50.23806902
761,Kyle,Tucker,tuckk001,-0.036423536,72,44.5133242,-0.822955274,21,21.95447073,0.786531738,51,22.55885347
762,Troy,Tulowitzki,tulot001,-1.379804465,13,5.756138274,-0.791896487,3,1.25055511,-0.587907979,10,4.505583165
763,Justin,Turner,turnj001,22.47544284,549,264.2693246,3.085301107,114,103.2186906,19.39014174,435,161.050634
764,Spencer,Turnbull,turns003,-2.749688166,8,4.825124475,-1.65527149,3,2.655888774,-1.094416676,5,2.169235701
765,Trea,Turner,turnt001,10.94330184,568,291.3072548,1.481620438,108,94.4396679,9.461681405,460,196.8675869
766,Justin,Upton,uptoj001,-1.90994485,256,151.240138,3.027881897,84,78.60666067,-4.937826747,172,72.63347732
767,Jose,Urena,urenj001,-4.972323942,22,12.66703152,-2.144188028,6,5.426001964,-2.828135914,16,7.241029552
768,Richard,Urena,urenr001,-3.81025129,80,36.04011587,-1.89977895,19,12.69574044,-1.91047234,61,23.34437543
769,Julio,Urias,uriaj001,-0.162452299,18,9.31225631,2.015895646,3,2.631792312,-2.178347945,15,6.680463998
770,Luis,Urias,urial001,-3.779068433,249,119.583411,0.285850727,60,48.50725892,-4.06491916,189,71.07615203
771,Jose,Urquidy,urquj001,-0.866124881,4,1.203484546,-0.333237863,1,0.333237863,-0.532887018,3,0.870246683
772,Gio,Urshela,urshg001,18.37928833,476,242.5111603,0.348370803,120,106.97065,18.03091752,356,135.5405103
773,Pat,Valaika,valap001,-1.954431354,86,41.64487252,-0.870678496,17,15.05406611,-1.083752858,69,26.59080641
774,Breyvic,Valera,valeb001,0.096872759,52,25.03259271,2.587449269,11,8.165905654,-2.49057651,41,16.86668705
775,Josh,VanMeter,vanmj001,-8.489244253,260,129.0525677,-3.900745295,62,49.84846962,-4.588498959,198,79.20409803
776,Ildemaro,Vargas,vargi001,-1.441392154,211,111.0170165,5.734766252,48,40.73463965,-7.176158406,163,70.28237686
777,Jason,Vargas,vargj001,-10.08145016,45,23.53906187,-3.697240697,10,9.259053983,-6.384209465,35,14.28000789
778,Christian,Vazquez,vazqc001,-2.009087566,521,269.4179574,-1.276934848,135,115.5182955,-0.732152718,386,153.8996618
779,Andrew,Velazquez,velaa001,-4.578637021,24,9.612588507,-3.9135753,9,5.4674484,-0.66506172,15,4.145140108
780,Vince,Velasquez,velav001,-3.214594,36,18.16690911,-0.424580842,8,7.697203299,-2.790013157,28,10.46970581
781,Alex,Verdugo,verda001,0.408404866,377,201.1060982,-0.428428064,93,82.41704822,0.836832931,284,118.6890499
782,Justin,Verlander,verlj001,-1.240736723,2,1.530818951,-0.996280088,1,0.996280088,-0.244456635,1,0.534538863
783,Jonathan,Villar,villj001,-0.155483443,714,360.5341523,-6.173807464,144,115.7966153,6.018324021,570,244.737537
784,Meibrys,Viloria,vilom001,-7.31541262,148,76.35357688,-2.216780953,40,36.01709681,-5.098631666,108,40.33648008
785,Dan,Vogelbach,voged001,6.011402029,558,273.9433892,-0.755770578,145,116.5549509,6.767172607,413,157.3884383
786,Stephen,Vogt,vogts001,5.063252831,280,154.5643582,-4.105088824,75,69.05942044,9.168341656,205,85.5049378
787,Luke,Voit,voitl001,24.4354265,510,264.1447618,12.8913531,114,107.3838688,11.5440734,396,156.760893
788,Austin,Voth,votha001,-1.680630617,10,3.875062552,-0.329517951,3,1.788176574,-1.351112666,7,2.086885978
789,Joey,Votto,vottj001,3.730459066,608,297.6040252,-4.66209895,112,95.15546967,8.392558016,496,202.4485555
790,Michael,Wacha,wachm001,-6.385101599,39,23.43566874,-3.436373487,15,14.42019567,-2.948728113,24,9.015473069
791,LaMonte,Wade,wadel001,0.641189936,69,33.15015474,-1.68173696,13,12.54119089,2.322926897,56,20.60896386
792,Tyler,Wade,wadet002,-1.834561041,108,58.22893306,-3.942304882,28,27.57520477,2.107743841,80,30.65372828
793,Jacob,Waguespack,waguj001,-0.499134119,3,1.027980391,-0.380988306,1,0.380988306,-0.118145812,2,0.646992085
794,Adam,Wainwright,waina001,-8.283208864,59,30.07580095,-4.028359245,11,10.3584655,-4.254849619,48,19.71733545
795,Christian,Walker,walkc002,6.775319268,603,304.3976299,-3.752752969,163,130.7562359,10.52807224,440,173.641394
796,Neil,Walker,walkn001,-6.537816692,381,200.5063852,-1.579971462,91,86.82936235,-4.95784523,290,113.6770228
797,Chad,Wallach,wallc001,0.360582284,54,20.86591347,-0.651644801,7,3.909591011,1.012227085,47,16.95632245
798,Jared,Walsh,walsj001,-2.224661128,87,40.99073199,-0.321654232,13,12.48589266,-1.903006896,74,28.50483933
799,Donnie,Walton,waltd002,-0.089320765,19,9.642807637,0.634286759,5,4.918286983,-0.723607524,14,4.724520654
800,Taylor,Ward,wardt002,-4.894605628,48,20.5364462,-4.565675896,13,9.799017143,-0.328929731,35,10.73742906
801,Luke,Weaver,weavl001,-2.850939354,21,12.22761773,-0.712783902,8,7.793179305,-2.138155452,13,4.434438427
802,Logan,Webb,webbl001,-2.567061586,11,5.282545709,-1.454938711,2,1.454938711,-1.112122875,9,3.827606998
803,Joey,Wendle,wendj002,-14.09231168,263,134.10684,-8.361227137,61,55.55756613,-5.731084539,202,78.54927389
804,Zach,Wheeler,wheez001,-4.817470224,64,36.8901889,-2.0640107,20,19.81310593,-2.753459523,44,17.07708297
805,Tyler,White,whitt002,-16.85894571,279,147.2517979,-9.074623173,69,66.57902313,-7.784322538,210,80.67277482
806,Matt,Wieters,wietm001,-4.028114033,183,95.47936374,-3.702886215,48,37.89594307,-0.325227818,135,57.58342067
807,Stevie,Wilkerson,wilks001,-18.84939161,361,187.0093139,-10.24004472,85,77.83245688,-8.609346891,276,109.176857
808,Mason,Williams,willm007,-2.62238434,34,17.47391864,-2.067870914,7,7.194239832,-0.554513426,27,10.27967881
809,Mac,Williamson,willm008,-10.2561797,144,72.63352517,-1.690736331,41,34.49950839,-8.565443372,103,38.13401678
810,Nick,Williams,willn001,-15.00332182,112,54.01992464,-7.919516321,30,23.08342375,-7.083805495,82,30.93650089
811,Trevor,Williams,willt002,-4.940080255,44,23.41198006,-0.024518917,15,11.90509424,-4.915561338,29,11.50688582
812,Bobby,Wilson,wilsb002,-8.38302837,47,24.02152435,-3.880736343,13,9.738490385,-4.502292027,34,14.28303397
813,Bryse,Wilson,wilsb003,-1.710021761,9,3.853230771,-1.088321168,2,1.088321168,-0.621700593,7,2.764909604
814,Jesse,Winker,winkj002,-0.33740703,382,189.6283823,-8.331986197,83,65.54985694,7.994579167,299,124.0785254
815,Patrick,Wisdom,wisdp001,-3.003571668,28,13.44447649,-0.580645405,5,4.644575864,-2.422926262,23,8.799900625
816,Tony,Wolters,woltt001,-3.675486278,411,219.3580688,-3.117760394,116,97.19317816,-0.557725884,295,122.1648906
817,Kolten,Wong,wongk001,12.17105464,549,272.9098431,6.814431113,139,115.0076865,5.356623528,410,157.9021566
818,Kean,Wong,wongk002,-2.106508606,18,8.410272085,-0.851587818,5,2.643484304,-1.254920788,13,5.766787781
819,Alex,Wood,wooda002,-2.827178179,12,6.991322077,-2.177716138,4,4.98512133,-0.649462041,8,2.006200747
820,Brandon,Woodruff,woodb005,-3.111849883,49,26.01011616,0.46433004,15,12.04493787,-3.576179923,34,13.96517829
821,Kyle,Wright,wrigk001,-1.992952828,6,3.759522427,-1.416829119,2,3.183398717,-0.57612371,4,0.57612371
822,Austin,Wynns,wynna001,-3.695443521,74,35.04931646,-1.023559923,14,11.48623472,-2.671883598,60,23.56308174
823,Jordan,Yamamoto,yamaj001,-5.999579794,26,13.60950926,-2.965934877,8,6.710060312,-3.033644918,18,6.899448946
824,Mike,Yastrzemski,yastm001,6.022753547,411,223.802064,-3.392895493,94,90.87080102,9.415649039,317,132.931263
825,Christian,Yelich,yelic001,56.13239208,579,293.7901973,19.27719464,132,115.2368404,36.85519745,447,178.5533569
826,Alex,Young,youna002,-4.09549077,25,7.947437198,-1.103527375,2,1.103527375,-2.991963396,23,6.843909823
827,Mark,Zagunis,zagum002,0.420416495,40,20.39977063,3.754656836,9,8.894491056,-3.334240341,31,11.50527958
828,Seby,Zavala,zavas001,-2.121268225,12,5.612596998,-0.848768611,2,1.182006474,-1.272499614,10,4.430590524
829,Bradley,Zimmer,zimmb001,-2.901647547,14,6.599508595,-0.937783208,3,2.500777988,-1.963864339,11,4.098730607
830,Ryan,Zimmerman,zimmr001,-0.994121589,190,102.5855375,-0.168761567,62,50.64895804,-0.825360022,128,51.93657945
831,Ben,Zobrist,zobrb001,1.954150733,176,99.64311917,0.856625873,41,40.69435114,1.09752486,135,58.94876804
832,Mike,Zunino,zunim001,-20.76867861,289,157.1633347,-10.8968947,94,81.48967274,-9.87178391,195,75.67366198
